Afk.;Kolom1;Kolom2;Kolom3;Kolom4;Kolom5;Afkorting;Stationsnaam;Link;;;Stationsnaam;Afkorting;;Afkorting;Lijst voor travelmapping;;;;;;;;Stationsnaam;Afkorting
Sog;50;8559809;5;8714734;;Sog;Schin op Geul;Sog https://www.openstreetmap.org/?lat=50.8559809&lon=5.8714734;;;Schin;Omn;;nm;Nm https://www.openstreetmap.org/?lat=51.8431362&lon=5.8530913;;;;;;;;Schin op Geul;Sog
Vs;51;4440529;3;595722;;Vs;Vlissingen;Vs https://www.openstreetmap.org/?lat=51.4440529&lon=3.595722;;;Vlissingen;Omn;;nmh;Nmh https://www.openstreetmap.org/?lat=51.8267778&lon=5.8679526;;;;;;;;Vlissingen;Vs
Hmbh;51;4706226;5;70137;;Hmbh;Helmond Brouwhuis;Hmbh https://www.openstreetmap.org/?lat=51.4706226&lon=5.70137;;;Tilb;Omn;;mmlh;Mmlh https://www.openstreetmap.org/?lat=51.7665425&lon=5.8789752;;;;;;;;Helmond Brouwhuis;Hmbh
Rsd;51;5403292;4;4584702;;Rsd;Roosendaal;Rsd https://www.openstreetmap.org/?lat=51.5403292&lon=4.4584702;;;;#N/B;;ck;Ck https://www.openstreetmap.org/?lat=51.7266248&lon=5.8741958;;;;;;;;Roosendaal;Rsd
Tbu;51;5652341;5;0516776;;Tbu;Tilburg Universiteit;Tbu https://www.openstreetmap.org/?lat=51.5652341&lon=5.0516776;;;;#N/B;;bmr;Bmr https://www.openstreetmap.org/?lat=51.6444304&lon=5.9395217;;;;;;;;Tilburg Universiteit;Tbu
Gz;51;5840224;4;9242259;;Gz;Gilze-Rijen;Gz https://www.openstreetmap.org/?lat=51.5840224&lon=4.9242259;;;;#N/B;;vlb;Vlb https://www.openstreetmap.org/?lat=51.5920221&lon=5.9970961;;;;;;;;Gilze-Rijen;Gz
Vlb;51;5920221;5;9970961;;Vlb;Vierlingsbeek;Vlb https://www.openstreetmap.org/?lat=51.5920221&lon=5.9970961;;;;#N/B;;vry;Vry https://www.openstreetmap.org/?lat=51.526454&lon=6.0142546;;;;;;;;Vierlingsbeek;Vlb
Bd;51;5951433;4;7800231;;Bd;Breda;Bd https://www.openstreetmap.org/?lat=51.5951433&lon=4.7800231;;;;#N/B;;br;Br https://www.openstreetmap.org/?lat=51.3724162&lon=6.155296;;;;;;;;Breda;Bd
Bmr;51;6444304;5;9395217;;Bmr;Boxmeer;Bmr https://www.openstreetmap.org/?lat=51.6444304&lon=5.9395217;;;;#N/B;;vl;Vl https://www.openstreetmap.org/?lat=51.3650504&lon=6.171433;;;;;;;;Boxmeer;Bmr
Rvs;51;7947915;5;6377036;;Rvs;Ravenstein;Rvs https://www.openstreetmap.org/?lat=51.7947915&lon=5.6377036;;;;#N/B;;tg;Tg https://www.openstreetmap.org/?lat=51.3392858&lon=6.1433761;;;;;;;;Ravenstein;Rvs
Nm;51;8431362;5;8530913;;Nm;Nijmegen;Nm https://www.openstreetmap.org/?lat=51.8431362&lon=5.8530913;;;;#N/B;;rv;Rv https://www.openstreetmap.org/?lat=51.2829798&lon=6.0794073;;;;;;;;Nijmegen;Nm
Est;51;9172427;5;8549331;;Est;Elst;Est https://www.openstreetmap.org/?lat=51.9172427&lon=5.8549331;;;;#N/B;;sm;Sm https://www.openstreetmap.org/?lat=51.2354149&lon=6.0315749;;;;;;;;Elst;Est
Za;51;9197801;5;7233591;;Za;Zetten-Andelst;Za https://www.openstreetmap.org/?lat=51.9197801&lon=5.7233591;;;;#N/B;;rm;Rm https://www.openstreetmap.org/?lat=51.1925659&lon=5.9938511;;;;;;;;Zetten-Andelst;Za
Hmn;51;9224135;5;6736223;;Hmn;Hemmen-Dodewaard;Hmn https://www.openstreetmap.org/?lat=51.9224135&lon=5.6736223;;;;;;;0;;;;;;;;Hemmen-Dodewaard;Hmn
Zv;51;9231973;6;0719818;;Zv;Zevenaar;Zv https://www.openstreetmap.org/?lat=51.9231973&lon=6.0719818;;;;;;;0;;;;;;;;Zevenaar;Zv
Op;51;9260391;5;6374111;;Op;Opheusden;Op https://www.openstreetmap.org/?lat=51.9260391&lon=5.6374111;;;;;;;0;;;;;;;;Opheusden;Op
Dvn;51;9434452;6;0144531;;Dvn;Duiven;Dvn https://www.openstreetmap.org/?lat=51.9434452&lon=6.0144531;;;;;;;0;;;;;;;;Duiven;Dvn
Ah;51;9844332;5;9011598;;Ah;Arnhem Centraal;Ah https://www.openstreetmap.org/?lat=51.9844332&lon=5.9011598;;;;;;;0;;;;;;;;Arnhem Centraal;Ah
Ahp;51;9851244;5;9199033;;Ahp;Arnhem Velperpoort;Ahp https://www.openstreetmap.org/?lat=51.9851244&lon=5.9199033;;;;;;;0;;;;;;;;Arnhem Velperpoort;Ahp
Wf;52;0056717;5;7923944;;Wf;Wolfheze;Wf https://www.openstreetmap.org/?lat=52.0056717&lon=5.7923944;;;;;;;0;;;;;;;;Wolfheze;Wf
Ed;52;0277348;5;6722729;;Ed;Ede-Wageningen;Ed https://www.openstreetmap.org/?lat=52.0277348&lon=5.6722729;;;;;;;0;;;;;;;;Ede-Wageningen;Ed
Vndw;52;0281017;5;5315679;;Vndw;Veenendaal West;Vndw https://www.openstreetmap.org/?lat=52.0281017&lon=5.5315679;;;;;;;0;;;;;;;;Veenendaal West;Vndw
Utln;52;0664082;5;1432619;;Utln;Utrecht Lunetten;Utln https://www.openstreetmap.org/?lat=52.0664082&lon=5.1432619;;;;;;;0;;;;;;;;Utrecht Lunetten;Utln
Ut;52;0893925;5;109821;;Ut;Utrecht Centraal;Ut https://www.openstreetmap.org/?lat=52.0893925&lon=5.109821;;;;;;;0;;;;;;;;Utrecht Centraal;Ut
Bmn;52;0907483;6;147059;;Bmn;Brummen;Bmn https://www.openstreetmap.org/?lat=52.0907483&lon=6.147059;;;;;;;0;;;;;;;;Brummen;Bmn
Utt;52;1002155;5;0435521;;Utt;Utrecht Terwijde;Utt https://www.openstreetmap.org/?lat=52.1002155&lon=5.0435521;;;;;;;0;;;;;;;;Utrecht Terwijde;Utt
Mas;52;135947;5;0330252;;Mas;Maarssen;Mas https://www.openstreetmap.org/?lat=52.135947&lon=5.0330252;;;;;;;0;;;;;;;;Maarssen;Mas
Amf;52;153898;5;3740976;;Amf;Amersfoort Centraal;Amf https://www.openstreetmap.org/?lat=52.153898&lon=5.3740976;;;;;;;0;;;;;;;;Amersfoort Centraal;Amf
Gbr;52;218722;6;9742518;;Gbr;Glanerbrug;Gbr https://www.openstreetmap.org/?lat=52.218722&lon=6.9742518;;;;;;;0;;;;;;;;Glanerbrug;Gbr
Esk;52;237419;6;8387936;;Esk;Enschede Kennispark;Esk https://www.openstreetmap.org/?lat=52.237419&lon=6.8387936;;;;;;;0;;;;;;;;Enschede Kennispark;Esk
Nvp;52;2588593;4;6453582;;Nvp;Nieuw Vennep;Nvp https://www.openstreetmap.org/?lat=52.2588593&lon=4.6453582;;;;;;;0;;;;;;;;Nieuw Vennep;Nvp
Hgl;52;2617754;6;7949086;;Hgl;Hengelo;Hgl https://www.openstreetmap.org/?lat=52.2617754&lon=6.7949086;;;;;;;0;;;;;;;;Hengelo;Hgl
Hglo;52;2690072;6;8197673;;Hglo;Hengelo Oost;Hglo https://www.openstreetmap.org/?lat=52.2690072&lon=6.8197673;;;;;;;0;;;;;;;;Hengelo Oost;Hglo
Odz;52;3062438;6;9340349;;Odz;Oldenzaal;Odz https://www.openstreetmap.org/?lat=52.3062438&lon=6.9340349;;;;;;;0;;;;;;;;Oldenzaal;Odz
Shl;52;309523;4;7621813;;Shl;Schiphol Airport;Shl https://www.openstreetmap.org/?lat=52.309523&lon=4.7621813;;;;;;;0;;;;;;;;Schiphol Airport;Shl
Dmz;52;3302613;4;9560598;;Dmz;Diemen Zuid;Dmz https://www.openstreetmap.org/?lat=52.3302613&lon=4.9560598;;;;;;;0;;;;;;;;Diemen Zuid;Dmz
Almp;52;376736;5;2447045;;Almp;Almere Parkwijk;Almp https://www.openstreetmap.org/?lat=52.376736&lon=5.2447045;;;;;;;0;;;;;;;;Almere Parkwijk;Almp
Wh;52;3909959;6;1410453;;Wh;Wijhe;Wh https://www.openstreetmap.org/?lat=52.3909959&lon=6.1410453;;;;;;;0;;;;;;;;Wijhe;Wh
Almb;52;3941912;5;2779576;;Almb;Almere Buiten;Almb https://www.openstreetmap.org/?lat=52.3941912&lon=5.2779576;;;;;;;0;;;;;;;;Almere Buiten;Almb
Lls;52;5079328;5;4727185;;Lls;Lelystad Centrum;Lls https://www.openstreetmap.org/?lat=52.5079328&lon=5.4727185;;;;;;;0;;;;;;;;Lelystad Centrum;Lls
Hn;52;6450893;5;0546461;;Hn;Hoorn;Hn https://www.openstreetmap.org/?lat=52.6450893&lon=5.0546461;;;;;;;0;;;;;;;;Hoorn;Hn
Hnk;52;6533353;5;0849124;;Hnk;Hoorn Kersenboogerd;Hnk https://www.openstreetmap.org/?lat=52.6533353&lon=5.0849124;;;;;;;0;;;;;;;;Hoorn Kersenboogerd;Hnk
Co;52;6630362;6;7360253;;Co;Coevorden;Co https://www.openstreetmap.org/?lat=52.6630362&lon=6.7360253;;;;;;;0;;;;;;;;Coevorden;Co
Bkg;52;6950724;5;2363181;;Bkg;Bovenkarspel-Grootebroek;Bkg https://www.openstreetmap.org/?lat=52.6950724&lon=5.2363181;;;;;;;0;;;;;;;;Bovenkarspel-Grootebroek;Bkg
Ekz;52;69956;5;287993;;Ekz;Enkhuizen;Ekz https://www.openstreetmap.org/?lat=52.69956&lon=5.287993;;;;;;;0;;;;;;;;Enkhuizen;Ekz
Hdr;52;9568469;4;7606663;;Hdr;Den Helder;Hdr https://www.openstreetmap.org/?lat=52.9568469&lon=4.7606663;;;;;;;0;;;;;;;;Den Helder;Hdr
Skn;52;996217;6;9356835;;Skn;Stadskanaal;Skn https://www.openstreetmap.org/?lat=52.996217&lon=6.9356835;;;;;;;;;;;;;;;Stadskanaal;Skn
Lw;53;1964772;5;7929849;;Lw;Leeuwarden;Lw https://www.openstreetmap.org/?lat=53.1964772&lon=5.7929849;;;;;;;;;;;;;;;Leeuwarden;Lw
Apg;53;3257678;6;862006;;Apg;Appingedam;Apg https://www.openstreetmap.org/?lat=53.3257678&lon=6.862006;;;;;;;;;;;;;;;Appingedam;Apg
FDD;50;8918988;4;0714017;;FDD;Denderleeuw;FDD https://www.openstreetmap.org/?lat=50.8918988&lon=4.0714017;;;;;;;;;;;;;;;Denderleeuw;FDD
FDN;50;8513926;3;6015721;;FDN;Oudenaarde;FDN https://www.openstreetmap.org/?lat=50.8513926&lon=3.6015721;;;;;;;;;;;;;;;Oudenaarde;FDN
Tpsw;51;8736724;5;3918894;;Tpsw;Tiel Passewaaij;Tpsw https://www.openstreetmap.org/?lat=51.8736724&lon=5.3918894;;;;;;;;;;;;;;;Tiel Passewaaij;Tpsw
Vtn;52;1029729;5;0076189;;Vtn;Vleuten;Vtn https://www.openstreetmap.org/?lat=52.1029729&lon=5.0076189;;;;;;;;;;;;;;;Vleuten;Vtn
Asdh;52;2979886;4;9601712;;Asdh;Amsterdam Holendrecht;Asdh https://www.openstreetmap.org/?lat=52.2979886&lon=4.9601712;;;;;;;;;;;;;;;Amsterdam Holendrecht;Asdh
FKLO;51;1807831;3;5753588;;FKLO;Eeklo;FKLO https://www.openstreetmap.org/?lat=51.1807831&lon=3.5753588;;;;;;;;;;;;;;;Eeklo;FKLO
Ahz;51;9544945;5;8519491;;Ahz;Arnhem Zuid;Ahz https://www.openstreetmap.org/?lat=51.9544945&lon=5.8519491;;;;;;;;;;;;;;;Arnhem Zuid;Ahz
FNZD;51;1975154;4;3909499;;FNZD;Antwerpen-Zuid;FNZD https://www.openstreetmap.org/?lat=51.1975154&lon=4.3909499;;;;;;;;;;;;;;;Antwerpen-Zuid;FNZD
IDDGM;50;8770138;4;0686554;;IDDGM;Iddergem;IDDGM https://www.openstreetmap.org/?lat=50.8770138&lon=4.0686554;;;;;;;;;;;;;;;Iddergem;IDDGM
0;51;2744597;7;2222744;;;;;;;;;;;;;;;;;;;Tiel;Tl
Tl;51;8896753;5;4232131;;Tl;Tiel;Tl https://www.openstreetmap.org/?lat=51.8896753&lon=5.4232131;;;;;;;;;;;;;;;Almere Oostvaarders;Almo
Almo;52;4032804;5;3006021;;Almo;Almere Oostvaarders;Almo https://www.openstreetmap.org/?lat=52.4032804&lon=5.3006021;;;;;;;;;;;;;;;Wijchen;Wc
Wc;51;8112191;5;7297547;;Wc;Wijchen;Wc https://www.openstreetmap.org/?lat=51.8112191&lon=5.7297547;;;;;;;;;;;;;;;Aalst;FLS
FLS;50;9426871;4;0391618;;FLS;Aalst;FLS https://www.openstreetmap.org/?lat=50.9426871&lon=4.0391618;;;;;;;;;;;;;;;Dronten;Dron
Dron;52;5343316;5;7215719;;Dron;Dronten;Dron https://www.openstreetmap.org/?lat=52.5343316&lon=5.7215719;;;;;;;;;;;;;;;Geldrop;Gp
Gp;51;420289;5;5502017;;Gp;Geldrop;Gp https://www.openstreetmap.org/?lat=51.420289&lon=5.5502017;;;;;;;;;;;;;;;Ingelmunster;FNM
FNM;50;9139858;3;2554117;;FNM;Ingelmunster;FNM https://www.openstreetmap.org/?lat=50.9139858&lon=3.2554117;;;;;;;;;;;;;;;Bareveld;Brv
Brv;53;0535756;6;850223;;Brv;Bareveld;Brv https://www.openstreetmap.org/?lat=53.0535756&lon=6.850223;;;;;;;;;;;;;;;Veendam;Vdm
Vdm;53;1039225;6;8849785;;Vdm;Veendam;Vdm https://www.openstreetmap.org/?lat=53.1039225&lon=6.8849785;;;;;;;;;;;;;;;Zeebrugge-Dorp;LZE
LZE;51;326422;3;1948891;;LZE;Zeebrugge-Dorp;LZE https://www.openstreetmap.org/?lat=51.326422&lon=3.1948891;;;;;;;;;;;;;;;Rosmalen;Rs
Rs;51;7151523;5;369582;;Rs;Rosmalen;Rs https://www.openstreetmap.org/?lat=51.7151523&lon=5.369582;;;;;;;;;;;;;;;Groningen;Gn
Gn;53;2109237;6;5641028;;Gn;Groningen;Gn https://www.openstreetmap.org/?lat=53.2109237&lon=6.5641028;;;;;;;;;;;;;;;Okegem;FKO
FKO;50;856544;4;0536641;;FKO;Okegem;FKO https://www.openstreetmap.org/?lat=50.856544&lon=4.0536641;;;;;;;;;;;;;;;Utrecht Vaartsche Rijn;Utvr
Utvr;52;0787573;5;1218783;;Utvr;Utrecht Vaartsche Rijn;Utvr https://www.openstreetmap.org/?lat=52.0787573&lon=5.1218783;;;;;;;;;;;;;;;Houten Castellum;Htnc
Htnc;52;0168609;5;1794728;;Htnc;Houten Castellum;Htnc https://www.openstreetmap.org/?lat=52.0168609&lon=5.1794728;;;;;;;;;;;;;;;Heerlen;Hrl
Hrl;50;8908484;5;9751061;;Hrl;Heerlen;Hrl https://www.openstreetmap.org/?lat=50.8908484&lon=5.9751061;;;;;;;;;;;;;;;Susteren;Srn
Srn;51;0609667;5;8629282;;Srn;Susteren;Srn https://www.openstreetmap.org/?lat=51.0609667&lon=5.8629282;;;;;;;;;;;;;;;Kapellen;LKP
LKP;51;3134658;4;4327583;;LKP;Kapellen;LKP https://www.openstreetmap.org/?lat=51.3134658&lon=4.4327583;;;;;;;;;;;;;;;Westervoort;Wtv
Wtv;51;9629903;5;9692518;;Wtv;Westervoort;Wtv https://www.openstreetmap.org/?lat=51.9629903&lon=5.9692518;;;;;;;;;;;;;;;Schendelbeke;FED
FED;50;7979479;3;8997223;;FED;Schendelbeke;FED https://www.openstreetmap.org/?lat=50.7979479&lon=3.8997223;;;;;;;;;;;;;;;Sassenheim;Ssh
Ssh;52;2152104;4;5169358;;Ssh;Sassenheim;Ssh https://www.openstreetmap.org/?lat=52.2152104&lon=4.5169358;;;;;;;;;;;;;;;Enschede De Eschmarke;Ese
Ese;52;2212722;6;9514664;;Ese;Enschede De Eschmarke;Ese https://www.openstreetmap.org/?lat=52.2212722&lon=6.9514664;;;;;;;;;;;;;;;Aarsele;FAR
FAR;50;9845;3;4185022;;FAR;Aarsele;FAR https://www.openstreetmap.org/?lat=50.9845&lon=3.4185022;;;;;;;;;;;;;;;Halfweg-Zwanenburg;Hwzb
Hwzb;52;3859763;4;7468736;;Hwzb;Halfweg-Zwanenburg;Hwzb https://www.openstreetmap.org/?lat=52.3859763&lon=4.7468736;;;;;;;;;;;;;;;Blankenberge;FBK
FBK;51;3123397;3;1339182;;FBK;Blankenberge;FBK https://www.openstreetmap.org/?lat=51.3123397&lon=3.1339182;;;;;;;;;;;;;;;Utrecht Maliebaan;Utm
Utm;52;0879425;5;1311656;;Utm;Utrecht Maliebaan;Utm https://www.openstreetmap.org/?lat=52.0879425&lon=5.1311656;;;;;;;;;;;;;;;Eys-Wittem;Wtm
Wtm;50;8231923;5;9246943;;Wtm;Eys-Wittem;Wtm https://www.openstreetmap.org/?lat=50.8231923&lon=5.9246943;;;;;;;;;;;;;;;Alphen aan den Rijn;Apn
Apn;52;1248061;4;6571053;;Apn;Alphen aan den Rijn;Apn https://www.openstreetmap.org/?lat=52.1248061&lon=4.6571053;;;;;;;;;;;;;;;Meerssen;Mes
Mes;50;8827737;5;7506465;;Mes;Meerssen;Mes https://www.openstreetmap.org/?lat=50.8827737&lon=5.7506465;;;;;;;;;;;;;;;Schinnen;Sn
Sn;50;9390309;5;8745796;;Sn;Schinnen;Sn https://www.openstreetmap.org/?lat=50.9390309&lon=5.8745796;;;;;;;;;;;;;;;Neerpelt;LNP
LNP;51;2218575;5;4372387;;LNP;Neerpelt;LNP https://www.openstreetmap.org/?lat=51.2218575&lon=5.4372387;;;;;;;;;;;;;;;Almere Poort;Ampo
Ampo;52;3429466;5;1522517;;Ampo;Almere Poort;Ampo https://www.openstreetmap.org/?lat=52.3429466&lon=5.1522517;;;;;;;;;;;;;;;Eichem;EICHM
EICHM;50;8241716;3;9939848;;EICHM;Eichem;EICHM https://www.openstreetmap.org/?lat=50.8241716&lon=3.9939848;;;;;;;;;;;;;;;Idegem;FID
FID;50;8013874;3;9203974;;FID;Idegem;FID https://www.openstreetmap.org/?lat=50.8013874&lon=3.9203974;;;;;;;;;;;;;;;Wijlre-Gulpen;Wij
Wij;50;8330395;5;8980547;;Wij;Wijlre-Gulpen;Wij https://www.openstreetmap.org/?lat=50.8330395&lon=5.8980547;;;;;;;;;;;;;;;Simpelveld;Spv
Spv;50;8315487;5;9784646;;Spv;Simpelveld;Spv https://www.openstreetmap.org/?lat=50.8315487&lon=5.9784646;;;;;;;;;;;;;;;Bocholtz;Bch
Bch;50;8170574;6;0055661;;Bch;Bocholtz;Bch https://www.openstreetmap.org/?lat=50.8170574&lon=6.0055661;;;;;;;;;;;;;;;Kerkrade ZLSM;Krd
0;50;8125505;6;0423499;;;;;;;;;;;;;;;;;;;Spekholzerheide;Sph
Krd;50;8590632;6;0566467;;Krd;Kerkrade ZLSM;Krd https://www.openstreetmap.org/?lat=50.8590632&lon=6.0566467;;;;;;;;;;;;;;;Beekbergen;Bbg
Sph;50;8530213;6;0239821;;Sph;Spekholzerheide;Sph https://www.openstreetmap.org/?lat=50.8530213&lon=6.0239821;;;;;;;;;;;;;;;Loenen;Lnn
Bbg;52;1599795;5;9866783;;Bbg;Beekbergen;Bbg https://www.openstreetmap.org/?lat=52.1599795&lon=5.9866783;;;;;;;;;;;;;;;Apeldoorn;Apd
0;52;1482881;6;003991;;;;;;;;;;;;;;;;;;;Herentals;FHT
Lnn;52;1293679;6;0293573;;Lnn;Loenen;Lnn https://www.openstreetmap.org/?lat=52.1293679&lon=6.0293573;;;;;;;;;;;;;;;Tilburg Reeshof;Tbr
Apd;52;2089862;5;9697859;;Apd;Apeldoorn;Apd https://www.openstreetmap.org/?lat=52.2089862&lon=5.9697859;;;;;;;;;;;;;;;'s-Gravenpolder-'s-Heer Abtskerke;Gha
FHT;51;1809816;4;828734;;FHT;Herentals;FHT https://www.openstreetmap.org/?lat=51.1809816&lon=4.828734;;;;;;;;;;;;;;;Kwadendamme;Kdm
Tbr;51;573665;4;9934935;;Tbr;Tilburg Reeshof;Tbr https://www.openstreetmap.org/?lat=51.573665&lon=4.9934935;;;;;;;;;;;;;;;Hoedekenskerke;Hkk
Gha;51;4620883;3;892375;;Gha;'s-Gravenpolder-'s-Heer Abtskerke;Gha https://www.openstreetmap.org/?lat=51.4620883&lon=3.892375;;;;;;;;;;;;;;;Wildervank;Wdv
Kdm;51;4409246;3;8891869;;Kdm;Kwadendamme;Kdm https://www.openstreetmap.org/?lat=51.4409246&lon=3.8891869;;;;;;;;;;;;;;;Barneveld Centrum;Bnc
Hkk;51;4206086;3;9137769;;Hkk;Hoedekenskerke;Hkk https://www.openstreetmap.org/?lat=51.4206086&lon=3.9137769;;;;;;;;;;;;;;;Dieren;Dr
0;50;705009;6;180624;;;;;;;;;;;;;;;;;;;Anna Paulowna;Ana
Wdv;53;0838251;6;8707393;;Wdv;Wildervank;Wdv https://www.openstreetmap.org/?lat=53.0838251&lon=6.8707393;;;;;;;;;;;;;;;Lichtenvoorde-Groenlo;Ltv
Bnc;52;1404556;5;5897695;;Bnc;Barneveld Centrum;Bnc https://www.openstreetmap.org/?lat=52.1404556&lon=5.5897695;;;;;;;;;;;;;;;Gorinchem;Gr
Dr;52;0454027;6;1033427;;Dr;Dieren;Dr https://www.openstreetmap.org/?lat=52.0454027&lon=6.1033427;;;;;;;;;;;;;;;Hoogkarspel;Hks
Ana;52;867721;4;811522;;Ana;Anna Paulowna;Ana https://www.openstreetmap.org/?lat=52.867721&lon=4.811522;;;;;;;;;;;;;;;Haren;Hrn
Ltv;52;0122561;6;5950987;;Ltv;Lichtenvoorde-Groenlo;Ltv https://www.openstreetmap.org/?lat=52.0122561&lon=6.5950987;;;;;;;;;;;;;;;Valkenburg;Vk
Gr;51;8335723;4;9674612;;Gr;Gorinchem;Gr https://www.openstreetmap.org/?lat=51.8335723&lon=4.9674612;;;;;;;;;;;;;;;Harderwijk;Hd
Hks;52;690467;5;1825103;;Hks;Hoogkarspel;Hks https://www.openstreetmap.org/?lat=52.690467&lon=5.1825103;;;;;;;;;;;;;;;Ermelo;Eml
Hrn;53;174863;6;6180871;;Hrn;Haren;Hrn https://www.openstreetmap.org/?lat=53.174863&lon=6.6180871;;;;;;;;;;;;;;;Helmond 't Hout;Hmh
Vk;50;8692901;5;8328817;;Vk;Valkenburg;Vk https://www.openstreetmap.org/?lat=50.8692901&lon=5.8328817;;;;;;;;;;;;;;;Eerbeek;Ebk
Hd;52;3377999;5;6199961;;Hd;Harderwijk;Hd https://www.openstreetmap.org/?lat=52.3377999&lon=5.6199961;;;;;;;;;;;;;;;Helmond;Hm
Eml;52;3011045;5;6144134;;Eml;Ermelo;Eml https://www.openstreetmap.org/?lat=52.3011045&lon=5.6144134;;;;;;;;;;;;;;;Oss West;Ow
Hmh;51;4681099;5;6312015;;Hmh;Helmond 't Hout;Hmh https://www.openstreetmap.org/?lat=51.4681099&lon=5.6312015;;;;;;;;;;;;;;;Houten;Htn
Ebk;52;1027606;6;0662863;;Ebk;Eerbeek;Ebk https://www.openstreetmap.org/?lat=52.1027606&lon=6.0662863;;;;;;;;;;;;;;;Zoutindustrie;Bkb
Hm;51;4755665;5;6616714;;Hm;Helmond;Hm https://www.openstreetmap.org/?lat=51.4755665&lon=5.6616714;;;;;;;;;;;;;;;Haaksbergen;Hbg
Ow;51;7584414;5;5069444;;Ow;Oss West;Ow https://www.openstreetmap.org/?lat=51.7584414&lon=5.5069444;;;;;;;;;;;;;;;Boekelo;Bko
Htn;52;0340078;5;1681345;;Htn;Houten;Htn https://www.openstreetmap.org/?lat=52.0340078&lon=5.1681345;;;;;;;;;;;;;;;Lichtervelde;FLC
Bkb;52;1917806;6;7853221;;Bkb;Zoutindustrie;Bkb https://www.openstreetmap.org/?lat=52.1917806&lon=6.7853221;;;;;;;;;;;;;;;Waregem;FVG
Hbg;52;1584703;6;7381799;;Hbg;Haaksbergen;Hbg https://www.openstreetmap.org/?lat=52.1584703&lon=6.7381799;;;;;;;;;;;;;;;Wetteren;FVT
Bko;52;2048225;6;8008997;;Bko;Boekelo;Bko https://www.openstreetmap.org/?lat=52.2048225&lon=6.8008997;;;;;;;;;;;;;;;Beervelde;FVB
FLC;51;0252191;3;1268061;;FLC;Lichtervelde;FLC https://www.openstreetmap.org/?lat=51.0252191&lon=3.1268061;;;;;;;;;;;;;;;Etten-Leur;Etn
FVG;50;8917047;3;4243419;;FVG;Waregem;FVG https://www.openstreetmap.org/?lat=50.8917047&lon=3.4243419;;;;;;;;;;;;;;;Utrecht Zuilen;Utzl
FVT;51;0016172;3;8824487;;FVT;Wetteren;FVT https://www.openstreetmap.org/?lat=51.0016172&lon=3.8824487;;;;;;;;;;;;;;;Nijmegen Goffert;Nmgo
FVB;51;087163;3;8798459;;FVB;Beervelde;FVB https://www.openstreetmap.org/?lat=51.087163&lon=3.8798459;;;;;;;;;;;;;;;Nuth;Nh
Etn;51;5752127;4;6364804;;Etn;Etten-Leur;Etn https://www.openstreetmap.org/?lat=51.5752127&lon=4.6364804;;;;;;;;;;;;;;;Delft;Dt
Utzl;52;1032324;5;0893544;;Utzl;Utrecht Zuilen;Utzl https://www.openstreetmap.org/?lat=52.1032324&lon=5.0893544;;;;;;;;;;;;;;;Den Haag Centraal;Gvc
Nmgo;51;8272972;5;8224752;;Nmgo;Nijmegen Goffert;Nmgo https://www.openstreetmap.org/?lat=51.8272972&lon=5.8224752;;;;;;;;;;;;;;;Den Haag HS;Gv
Nh;50;9198085;5;89267;;Nh;Nuth;Nh https://www.openstreetmap.org/?lat=50.9198085&lon=5.89267;;;;;;;;;;;;;;;Den Haag Moerwijk;Gvmw
Dt;52;0075518;4;3565807;;Dt;Delft;Dt https://www.openstreetmap.org/?lat=52.0075518&lon=4.3565807;;;;;;;;;;;;;;;Den Haag Laan van NOI;Laa
Gvc;52;0808443;4;3245487;;Gvc;Den Haag Centraal;Gvc https://www.openstreetmap.org/?lat=52.0808443&lon=4.3245487;;;;;;;;;;;;;;;Den Haag Mariahoeve;Gvm
Gv;52;0701372;4;3222758;;Gv;Den Haag HS;Gv https://www.openstreetmap.org/?lat=52.0701372&lon=4.3222758;;;;;;;;;;;;;;;Voorburg;Vb
Gvmw;52;054519;4;3085449;;Gvmw;Den Haag Moerwijk;Gvmw https://www.openstreetmap.org/?lat=52.054519&lon=4.3085449;;;;;;;;;;;;;;;Den Haag Ypenburg;Ypb
Laa;52;0789705;4;3432643;;Laa;Den Haag Laan van NOI;Laa https://www.openstreetmap.org/?lat=52.0789705&lon=4.3432643;;;;;;;;;;;;;;;Obdam;Obd
Gvm;52;0909985;4;3700691;;Gvm;Den Haag Mariahoeve;Gvm https://www.openstreetmap.org/?lat=52.0909985&lon=4.3700691;;;;;;;;;;;;;;;Soest;St
Vb;52;0665882;4;3595644;;Vb;Voorburg;Vb https://www.openstreetmap.org/?lat=52.0665882&lon=4.3595644;;;;;;;;;;;;;;;Venray;Vry
Ypb;52;0558168;4;390848;;Ypb;Den Haag Ypenburg;Ypb https://www.openstreetmap.org/?lat=52.0558168&lon=4.390848;;;;;;;;;;;;;;;Barneveld Zuid;Bnz
Obd;52;6780448;4;9092183;;Obd;Obdam;Obd https://www.openstreetmap.org/?lat=52.6780448&lon=4.9092183;;;;;;;;;;;;;;;Hardenberg;Hdb
St;52;1727524;5;3104481;;St;Soest;St https://www.openstreetmap.org/?lat=52.1727524&lon=5.3104481;;;;;;;;;;;;;;;Mariënberg;Mrb
Vry;51;526454;6;0142546;;Vry;Venray;Vry https://www.openstreetmap.org/?lat=51.526454&lon=6.0142546;;;;;;;;;;;;;;;Zwijndrecht;Zwd
Bnz;52;1280783;5;6030939;;Bnz;Barneveld Zuid;Bnz https://www.openstreetmap.org/?lat=52.1280783&lon=5.6030939;;;;;;;;;;;;;;;Barendrecht;Brd
Hdb;52;5723383;6;627603;;Hdb;Hardenberg;Hdb https://www.openstreetmap.org/?lat=52.5723383&lon=6.627603;;;;;;;;;;;;;;;Amsterdam Sloterdijk;Ass
Mrb;52;509025;6;5742267;;Mrb;Mariënberg;Mrb https://www.openstreetmap.org/?lat=52.509025&lon=6.5742267;;;;;;;;;;;;;;;Stavoren;Stv
Zwd;51;8152743;4;6411824;;Zwd;Zwijndrecht;Zwd https://www.openstreetmap.org/?lat=51.8152743&lon=4.6411824;;;;;;;;;;;;;;;Koudum-Molkwerum;Kmw
Brd;51;8552885;4;5526538;;Brd;Barendrecht;Brd https://www.openstreetmap.org/?lat=51.8552885&lon=4.5526538;;;;;;;;;;;;;;;Amsterdam Bijlmer ArenA;Asb
Ass;52;3890317;4;8381062;;Ass;Amsterdam Sloterdijk;Ass https://www.openstreetmap.org/?lat=52.3890317&lon=4.8381062;;;;;;;;;;;;;;;Eygelshoven Markt;Eghm
Stv;52;8866043;5;3598;;Stv;Stavoren;Stv https://www.openstreetmap.org/?lat=52.8866043&lon=5.3598;;;;;;;;;;;;;;;Heerlen Woonboulevard;Hrlw
Kmw;52;9024767;5;4107682;;Kmw;Koudum-Molkwerum;Kmw https://www.openstreetmap.org/?lat=52.9024767&lon=5.4107682;;;;;;;;;;;;;;;Amsterdam Amstel;Asa
Asb;52;3122449;4;9470883;;Asb;Amsterdam Bijlmer ArenA;Asb https://www.openstreetmap.org/?lat=52.3122449&lon=4.9470883;;;;;;;;;;;;;;;Tilburg;Tb
Eghm;50;896103;6;0577972;;Eghm;Eygelshoven Markt;Eghm https://www.openstreetmap.org/?lat=50.896103&lon=6.0577972;;;;;;;;;;;;;;;Vught;Vg
Hrlw;50;8961435;5;9527975;;Hrlw;Heerlen Woonboulevard;Hrlw https://www.openstreetmap.org/?lat=50.8961435&lon=5.9527975;;;;;;;;;;;;;;;Eindhoven Strijp-S;Ehs
Asa;52;3464656;4;9175567;;Asa;Amsterdam Amstel;Asa https://www.openstreetmap.org/?lat=52.3464656&lon=4.9175567;;;;;;;;;;;;;;;Boxtel;Btl
Tb;51;560531;5;0837293;;Tb;Tilburg;Tb https://www.openstreetmap.org/?lat=51.560531&lon=5.0837293;;;;;;;;;;;;;;;Zaltbommel;Zbm
Vg;51;6555908;5;2921212;;Vg;Vught;Vg https://www.openstreetmap.org/?lat=51.6555908&lon=5.2921212;;;;;;;;;;;;;;;Geldermalsen;Gdm
Ehs;51;4503696;5;4570165;;Ehs;Eindhoven Strijp-S;Ehs https://www.openstreetmap.org/?lat=51.4503696&lon=5.4570165;;;;;;;;;;;;;;;Culemborg;Cl
Btl;51;5844429;5;3190301;;Btl;Boxtel;Btl https://www.openstreetmap.org/?lat=51.5844429&lon=5.3190301;;;;;;;;;;;;;;;Duivendrecht;Dvd
Zbm;51;8078029;5;2633823;;Zbm;Zaltbommel;Zbm https://www.openstreetmap.org/?lat=51.8078029&lon=5.2633823;;;;;;;;;;;;;;;Amsterdam RAI;Rai
Gdm;51;8825577;5;2714789;;Gdm;Geldermalsen;Gdm https://www.openstreetmap.org/?lat=51.8825577&lon=5.2714789;;;;;;;;;;;;;;;Rotterdam Alexander;Rta
Cl;51;9470421;5;2267808;;Cl;Culemborg;Cl https://www.openstreetmap.org/?lat=51.9470421&lon=5.2267808;;;;;;;;;;;;;;;Rotterdam Blaak;Rtb
Dvd;52;3235282;4;9364854;;Dvd;Duivendrecht;Dvd https://www.openstreetmap.org/?lat=52.3235282&lon=4.9364854;;;;;;;;;;;;;;;Rotterdam Centraal;Rtd
Rai;52;3370349;4;8902289;;Rai;Amsterdam RAI;Rai https://www.openstreetmap.org/?lat=52.3370349&lon=4.8902289;;;;;;;;;;;;;;;Schiedam Centrum;Sdm
Rta;51;9517162;4;5524827;;Rta;Rotterdam Alexander;Rta https://www.openstreetmap.org/?lat=51.9517162&lon=4.5524827;;;;;;;;;;;;;;;Hoogeveen;Hgv
Rtb;51;919941;4;4892276;;Rtb;Rotterdam Blaak;Rtb https://www.openstreetmap.org/?lat=51.919941&lon=4.4892276;;;;;;;;;;;;;;;Amsterdam Lelylaan;Asdl
Rtd;51;9250574;4;4692289;;Rtd;Rotterdam Centraal;Rtd https://www.openstreetmap.org/?lat=51.9250574&lon=4.4692289;;;;;;;;;;;;;;;'s-Hertogenbosch;Ht
Sdm;51;9220349;4;4087428;;Sdm;Schiedam Centrum;Sdm https://www.openstreetmap.org/?lat=51.9220349&lon=4.4087428;;;;;;;;;;;;;;;Alkmaar;Amr
Hgv;52;7335031;6;4729673;;Hgv;Hoogeveen;Hgv https://www.openstreetmap.org/?lat=52.7335031&lon=6.4729673;;;;;;;;;;;;;;;Castricum;Cas
Asdl;52;3578369;4;8340268;;Asdl;Amsterdam Lelylaan;Asdl https://www.openstreetmap.org/?lat=52.3578369&lon=4.8340268;;;;;;;;;;;;;;;Heiloo;Hlo
Ht;51;6905164;5;2937086;;Ht;'s-Hertogenbosch;Ht https://www.openstreetmap.org/?lat=51.6905164&lon=5.2937086;;;;;;;;;;;;;;;Roermond;Rm
Amr;52;6381293;4;7406979;;Amr;Alkmaar;Amr https://www.openstreetmap.org/?lat=52.6381293&lon=4.7406979;;;;;;;;;;;;;;;Sittard;Std
Cas;52;5453379;4;6591148;;Cas;Castricum;Cas https://www.openstreetmap.org/?lat=52.5453379&lon=4.6591148;;;;;;;;;;;;;;;Zaandam;Zd
Hlo;52;6000225;4;7011338;;Hlo;Heiloo;Hlo https://www.openstreetmap.org/?lat=52.6000225&lon=4.7011338;;;;;;;;;;;;;;;Abcoude;Ac
Rm;51;1925659;5;9938511;;Rm;Roermond;Rm https://www.openstreetmap.org/?lat=51.1925659&lon=5.9938511;;;;;;;;;;;;;;;Breukelen;Bkl
Std;51;0020038;5;8588913;;Std;Sittard;Std https://www.openstreetmap.org/?lat=51.0020038&lon=5.8588913;;;;;;;;;;;;;;;Helmond Brandevoort;Hmbv
Zd;52;4382493;4;8137421;;Zd;Zaandam;Zd https://www.openstreetmap.org/?lat=52.4382493&lon=4.8137421;;;;;;;;;;;;;;;Nijmegen Dukenburg;Nmd
Ac;52;2785602;4;9773816;;Ac;Abcoude;Ac https://www.openstreetmap.org/?lat=52.2785602&lon=4.9773816;;;;;;;;;;;;;;;Nijmegen Lent;Nml
Bkl;52;1708294;4;9906222;;Bkl;Breukelen;Bkl https://www.openstreetmap.org/?lat=52.1708294&lon=4.9906222;;;;;;;;;;;;;;;Olst;Ost
Hmbv;51;4624634;5;6088392;;Hmbv;Helmond Brandevoort;Hmbv https://www.openstreetmap.org/?lat=51.4624634&lon=5.6088392;;;;;;;;;;;;;;;Buitenpost;Bp
Nmd;51;8239417;5;7942393;;Nmd;Nijmegen Dukenburg;Nmd https://www.openstreetmap.org/?lat=51.8239417&lon=5.7942393;;;;;;;;;;;;;;;Zuidhorn;Zh
Nml;51;862468;5;8596868;;Nml;Nijmegen Lent;Nml https://www.openstreetmap.org/?lat=51.862468&lon=5.8596868;;;;;;;;;;;;;;;Zaandijk Zaanse Schans;Zzs
Ost;52;3354376;6;1134201;;Ost;Olst;Ost https://www.openstreetmap.org/?lat=52.3354376&lon=6.1134201;;;;;;;;;;;;;;;Krommenie-Assendelft;Kma
Bp;53;2563902;6;1452078;;Bp;Buitenpost;Bp https://www.openstreetmap.org/?lat=53.2563902&lon=6.1452078;;;;;;;;;;;;;;;Wormerveer;Wm
Zh;53;2481468;6;4067456;;Zh;Zuidhorn;Zh https://www.openstreetmap.org/?lat=53.2481468&lon=6.4067456;;;;;;;;;;;;;;;Woerden;Wd
Zzs;52;4692791;4;8051566;;Zzs;Zaandijk Zaanse Schans;Zzs https://www.openstreetmap.org/?lat=52.4692791&lon=4.8051566;;;;;;;;;;;;;;;Zoetermeer Oost;Ztmo
Kma;52;4950503;4;7552412;;Kma;Krommenie-Assendelft;Kma https://www.openstreetmap.org/?lat=52.4950503&lon=4.7552412;;;;;;;;;;;;;;;Zoetermeer;Ztm
Wm;52;4892769;4;7936282;;Wm;Wormerveer;Wm https://www.openstreetmap.org/?lat=52.4892769&lon=4.7936282;;;;;;;;;;;;;;;Vorden;Vd
Wd;52;0850884;4;8924874;;Wd;Woerden;Wd https://www.openstreetmap.org/?lat=52.0850884&lon=4.8924874;;;;;;;;;;;;;;;Heerhugowaard;Hwd
Ztmo;52;0463461;4;4934339;;Ztmo;Zoetermeer Oost;Ztmo https://www.openstreetmap.org/?lat=52.0463461&lon=4.4934339;;;;;;;;;;;;;;;Veenendaal-De Klomp;Klp
Ztm;52;0475562;4;476916;;Ztm;Zoetermeer;Ztm https://www.openstreetmap.org/?lat=52.0475562&lon=4.476916;;;;;;;;;;;;;;;Amsterdam Centraal;Asd
Vd;52;1073107;6;3171531;;Vd;Vorden;Vd https://www.openstreetmap.org/?lat=52.1073107&lon=6.3171531;;;;;;;;;;;;;;;Veenendaal Centrum;Vndc
Hwd;52;6702428;4;8236817;;Hwd;Heerhugowaard;Hwd https://www.openstreetmap.org/?lat=52.6702428&lon=4.8236817;;;;;;;;;;;;;;;Nieuw Amsterdam;Na
Klp;52;0459528;5;5739271;;Klp;Veenendaal-De Klomp;Klp https://www.openstreetmap.org/?lat=52.0459528&lon=5.5739271;;;;;;;;;;;;;;;Kesteren;Ktr
Asd;52;378901;4;9005805;;Asd;Amsterdam Centraal;Asd https://www.openstreetmap.org/?lat=52.378901&lon=4.9005805;;;;;;;;;;;;;;;Arkel;Akl
Vndc;52;0200045;5;549098;;Vndc;Veenendaal Centrum;Vndc https://www.openstreetmap.org/?lat=52.0200045&lon=5.549098;;;;;;;;;;;;;;;Hardinxveld-Giessendam;Gnd
Na;52;7183661;6;8488011;;Na;Nieuw Amsterdam;Na https://www.openstreetmap.org/?lat=52.7183661&lon=6.8488011;;;;;;;;;;;;;;;Dordrecht;Ddr
Ktr;51;9315803;5;583255;;Ktr;Kesteren;Ktr https://www.openstreetmap.org/?lat=51.9315803&lon=5.583255;;;;;;;;;;;;;;;Gouda;Gd
Akl;51;8721203;4;9927723;;Akl;Arkel;Akl https://www.openstreetmap.org/?lat=51.8721203&lon=4.9927723;;;;;;;;;;;;;;;Amsterdam Muiderpoort;Asdm
Gnd;51;8303521;4;8355964;;Gnd;Hardinxveld-Giessendam;Gnd https://www.openstreetmap.org/?lat=51.8303521&lon=4.8355964;;;;;;;;;;;;;;;Weert;Wt
Ddr;51;8075316;4;6677478;;Ddr;Dordrecht;Ddr https://www.openstreetmap.org/?lat=51.8075316&lon=4.6677478;;;;;;;;;;;;;;;Zwolle;Zl
Gd;52;0174245;4;7061636;;Gd;Gouda;Gd https://www.openstreetmap.org/?lat=52.0174245&lon=4.7061636;;;;;;;;;;;;;;;Enschede;Es
Asdm;52;3608341;4;9311934;;Asdm;Amsterdam Muiderpoort;Asdm https://www.openstreetmap.org/?lat=52.3608341&lon=4.9311934;;;;;;;;;;;;;;;Hoofddorp;Hfd
Wt;51;2486962;5;7041339;;Wt;Weert;Wt https://www.openstreetmap.org/?lat=51.2486962&lon=5.7041339;;;;;;;;;;;;;;;Deventer;Dv
Zl;52;5050086;6;0912373;;Zl;Zwolle;Zl https://www.openstreetmap.org/?lat=52.5050086&lon=6.0912373;;;;;;;;;;;;;;;Apeldoorn;Apd
Es;52;2223649;6;8897811;;Es;Enschede;Es https://www.openstreetmap.org/?lat=52.2223649&lon=6.8897811;;;;;;;;;;;;;;;Almelo;Aml
Hfd;52;2928668;4;6988698;;Hfd;Hoofddorp;Hfd https://www.openstreetmap.org/?lat=52.2928668&lon=4.6988698;;;;;;;;;;;;;;;Venlo;Vl
Dv;52;2572928;6;1611049;;Dv;Deventer;Dv https://www.openstreetmap.org/?lat=52.2572928&lon=6.1611049;;;;;;;;;;;;;;;Blerick;Br
Apd;52;2092784;5;9689735;;Apd;Apeldoorn;Apd https://www.openstreetmap.org/?lat=52.2092784&lon=5.9689735;;;;;;;;;;;;;;;Horst-Sevenum;Hrt
Aml;52;3577052;6;6544143;;Aml;Almelo;Aml https://www.openstreetmap.org/?lat=52.3577052&lon=6.6544143;;;;;;;;;;;;;;;Deurne;Dn
Vl;51;3650504;6;171433;;Vl;Venlo;Vl https://www.openstreetmap.org/?lat=51.3650504&lon=6.171433;;;;;;;;;;;;;;;Almere Centrum;Alm
Br;51;3724162;6;155296;;Br;Blerick;Br https://www.openstreetmap.org/?lat=51.3724162&lon=6.155296;;;;;;;;;;;;;;;Den Helder Zuid;Hdrz
Hrt;51;4270926;6;0413246;;Hrt;Horst-Sevenum;Hrt https://www.openstreetmap.org/?lat=51.4270926&lon=6.0413246;;;;;;;;;;;;;;;Winschoten;Ws
Dn;51;4562278;5;7878984;;Dn;Deurne;Dn https://www.openstreetmap.org/?lat=51.4562278&lon=5.7878984;;;;;;;;;;;;;;;Essen;FES
Alm;52;3752735;5;2193265;;Alm;Almere Centrum;Alm https://www.openstreetmap.org/?lat=52.3752735&lon=5.2193265;;;;;;;;;;;;;;;Wildert;GWD
Hdrz;52;9326177;4;7641527;;Hdrz;Den Helder Zuid;Hdrz https://www.openstreetmap.org/?lat=52.9326177&lon=4.7641527;;;;;;;;;;;;;;;Kijkuit;GKT
Ws;53;139151;7;0356099;;Ws;Winschoten;Ws https://www.openstreetmap.org/?lat=53.139151&lon=7.0356099;;;;;;;;;;;;;;;Groningen Noord;Gnn
FES;51;4626799;4;45117;;FES;Essen;FES https://www.openstreetmap.org/?lat=51.4626799&lon=4.45117;;;;;;;;;;;;;;;Utrecht Leidsche Rijn;Utlr
GWD;51;4276753;4;4634184;;GWD;Wildert;GWD https://www.openstreetmap.org/?lat=51.4276753&lon=4.4634184;;;;;;;;;;;;;;;Boechout;GBC
GKT;51;3791307;4;4673221;;GKT;Kijkuit;GKT https://www.openstreetmap.org/?lat=51.3791307&lon=4.4673221;;;;;;;;;;;;;;;Bouwel;FOW
Gnn;53;2301283;6;5565819;;Gnn;Groningen Noord;Gnn https://www.openstreetmap.org/?lat=53.2301283&lon=6.5565819;;;;;;;;;;;;;;;Wolfstee;LWO
Utlr;52;0989682;5;0652431;;Utlr;Utrecht Leidsche Rijn;Utlr https://www.openstreetmap.org/?lat=52.0989682&lon=5.0652431;;;;;;;;;;;;;;;Groningen Europapark;Gerp
GBC;51;1632038;4;4951029;;GBC;Boechout;GBC https://www.openstreetmap.org/?lat=51.1632038&lon=4.4951029;;;;;;;;;;;;;;;Mantgum;Mg
FOW;51;1656586;4;7462187;;FOW;Bouwel;FOW https://www.openstreetmap.org/?lat=51.1656586&lon=4.7462187;;;;;;;;;;;;;;;Haarlem;Hlm
LWO;51;1685644;4;7850797;;LWO;Wolfstee;LWO https://www.openstreetmap.org/?lat=51.1685644&lon=4.7850797;;;;;;;;;;;;;;;Amsterdam Zuid;Asdz
Gerp;53;2047056;6;585821;;Gerp;Groningen Europapark;Gerp https://www.openstreetmap.org/?lat=53.2047056&lon=6.585821;;;;;;;;;;;;;;;Best;Bet
Mg;53;1297366;5;7132668;;Mg;Mantgum;Mg https://www.openstreetmap.org/?lat=53.1297366&lon=5.7132668;;;;;;;;;;;;;;;Maastricht;Mt
Hlm;52;3880778;4;6385788;;Hlm;Haarlem;Hlm https://www.openstreetmap.org/?lat=52.3880778&lon=4.6385788;;;;;;;;;;;;;;;Kerkrade Centrum;Krd
Asdz;52;3390172;4;8734324;;Asdz;Amsterdam Zuid;Asdz https://www.openstreetmap.org/?lat=52.3390172&lon=4.8734324;;;;;;;;;;;;;;;Landgraaf;Lg
Bet;51;5098165;5;3892206;;Bet;Best;Bet https://www.openstreetmap.org/?lat=51.5098165&lon=5.3892206;;;;;;;;;;;;;;;Lansingerland-Zoetermeer;Llzm
Mt;50;8501783;5;7052501;;Mt;Maastricht;Mt https://www.openstreetmap.org/?lat=50.8501783&lon=5.7052501;;;;;;;;;;;;;;;Diepenbeek;GDP
Krd;50;8613851;6;0572213;;Krd;Kerkrade Centrum;Krd https://www.openstreetmap.org/?lat=50.8613851&lon=6.0572213;;;;;;;;;;;;;;;Sint-Truiden;FST
Lg;50;896491;6;0196861;;Lg;Landgraaf;Lg https://www.openstreetmap.org/?lat=50.896491&lon=6.0196861;;;;;;;;;;;;;;;Landen;FLD
Llzm;52;0410702;4;5185034;;Llzm;Lansingerland-Zoetermeer;Llzm https://www.openstreetmap.org/?lat=52.0410702&lon=4.5185034;;;;;;;;;;;;;;;Langdorp;LGD
GDP;50;9105288;5;4203402;;GDP;Diepenbeek;GDP https://www.openstreetmap.org/?lat=50.9105288&lon=5.4203402;;;;;;;;;;;;;;;Testelt;GTT
0;50;8867147;5;2925362;;;;;;;;;;;;;;;;;;;Zichem;GZC
FST;50;8172129;5;1759902;;FST;Sint-Truiden;FST https://www.openstreetmap.org/?lat=50.8172129&lon=5.1759902;;;;;;;;;;;;;;;Aarschot;FRST
FLD;50;7479715;5;0800985;;FLD;Landen;FLD https://www.openstreetmap.org/?lat=50.7479715&lon=5.0800985;;;;;;;;;;;;;;;Bokrijk;FKY
LGD;51;0024869;4;8637488;;LGD;Langdorp;LGD https://www.openstreetmap.org/?lat=51.0024869&lon=4.8637488;;;;;;;;;;;;;;;Genk;FKG
GTT;51;0097709;4;9469085;;GTT;Testelt;GTT https://www.openstreetmap.org/?lat=51.0097709&lon=4.9469085;;;;;;;;;;;;;;;Berlaar;GBL
GZC;51;0063866;4;988349;;GZC;Zichem;GZC https://www.openstreetmap.org/?lat=51.0063866&lon=4.988349;;;;;;;;;;;;;;;Melkouwen;MWC
0;50;9930532;5;0511119;;;;;;;;;;;;;;;;;;;Mol;LML
FRST;50;9844425;4;8240803;;FRST;Aarschot;FRST https://www.openstreetmap.org/?lat=50.9844425&lon=4.8240803;;;;;;;;;;;;;;;Leopoldsburg;LBG
FKY;50;9557116;5;4082131;;FKY;Bokrijk;FKY https://www.openstreetmap.org/?lat=50.9557116&lon=5.4082131;;;;;;;;;;;;;;;Beverlo;MBV
FKG;50;967071;5;4962955;;FKG;Genk;FKG https://www.openstreetmap.org/?lat=50.967071&lon=5.4962955;;;;;;;;;;;;;;;Beringen;LBN
GBL;51;1134905;4;6388242;;GBL;Berlaar;GBL https://www.openstreetmap.org/?lat=51.1134905&lon=4.6388242;;;;;;;;;;;;;;;Geel;LG
MWC;51;0947001;4;671983;;MWC;Melkouwen;MWC https://www.openstreetmap.org/?lat=51.0947001&lon=4.671983;;;;;;;;;;;;;;;Kessel;LEK
LML;51;1905976;5;1145128;;LML;Mol;LML https://www.openstreetmap.org/?lat=51.1905976&lon=5.1145128;;;;;;;;;;;;;;;Turnhout;FTR
LBG;51;1173328;5;2580336;;LBG;Leopoldsburg;LBG https://www.openstreetmap.org/?lat=51.1173328&lon=5.2580336;;;;;;;;;;;;;;;Ezemaal;FZE
MBV;51;0886422;5;2344744;;MBV;Beverlo;MBV https://www.openstreetmap.org/?lat=51.0886422&lon=5.2344744;;;;;;;;;;;;;;;Neerwinden;FWI
LBN;51;0503819;5;2363211;;LBN;Beringen;LBN https://www.openstreetmap.org/?lat=51.0503819&lon=5.2363211;;;;;;;;;;;;;;;Vertrijk;FVK
LG;51;1690147;4;9895239;;LG;Geel;LG https://www.openstreetmap.org/?lat=51.1690147&lon=4.9895239;;;;;;;;;;;;;;;Erps-Kwerps;MRP
LEK;51;1508801;4;6179673;;LEK;Kessel;LEK https://www.openstreetmap.org/?lat=51.1508801&lon=4.6179673;;;;;;;;;;;;;;;Kampen Zuid;Kpnz
FTR;51;3227241;4;9378811;;FTR;Turnhout;FTR https://www.openstreetmap.org/?lat=51.3227241&lon=4.9378811;;;;;;;;;;;;;;;Zaventem;FZA
FZE;50;7715802;4;9950215;;FZE;Ezemaal;FZE https://www.openstreetmap.org/?lat=50.7715802&lon=4.9950215;;;;;;;;;;;;;;;Doetinchem De Huet;Dtch
FWI;50;7637479;5;0363342;;FWI;Neerwinden;FWI https://www.openstreetmap.org/?lat=50.7637479&lon=5.0363342;;;;;;;;;;;;;;;Eygelshoven;Egh
FVK;50;8360362;4;8356836;;FVK;Vertrijk;FVK https://www.openstreetmap.org/?lat=50.8360362&lon=4.8356836;;;;;;;;;;;;;;;Chevremont;Cvm
MRP;50;896625;4;5865908;;MRP;Erps-Kwerps;MRP https://www.openstreetmap.org/?lat=50.896625&lon=4.5865908;;;;;;;;;;;;;;;Muizen;FIZ
Kpnz;52;5329839;5;9132744;;Kpnz;Kampen Zuid;Kpnz https://www.openstreetmap.org/?lat=52.5329839&lon=5.9132744;;;;;;;;;;;;;;;Baasrode-Zuid;FRA
FZA;50;8850132;4;4729671;;FZA;Zaventem;FZA https://www.openstreetmap.org/?lat=50.8850132&lon=4.4729671;;;;;;;;;;;;;;;Malderen;FMD
Dtch;51;9591649;6;2600282;;Dtch;Doetinchem De Huet;Dtch https://www.openstreetmap.org/?lat=51.9591649&lon=6.2600282;;;;;;;;;;;;;;;Londerzeel;FZL
Egh;50;8901122;6;0456023;;Egh;Eygelshoven;Egh https://www.openstreetmap.org/?lat=50.8901122&lon=6.0456023;;;;;;;;;;;;;;;Kapelle-op-den-Bos;FKP
Cvm;50;8762291;6;0595563;;Cvm;Chevremont;Cvm https://www.openstreetmap.org/?lat=50.8762291&lon=6.0595563;;;;;;;;;;;;;;;Wichelen;FNW
FIZ;51;0087257;4;5134363;;FIZ;Muizen;FIZ https://www.openstreetmap.org/?lat=51.0087257&lon=4.5134363;;;;;;;;;;;;;;;Schoonaarde;FAD
0;50;9974238;4;5383593;;;;;;;;;;;;;;;;;;;Oudegem;FDM
FRA;51;0193803;4;1540216;;FRA;Baasrode-Zuid;FRA https://www.openstreetmap.org/?lat=51.0193803&lon=4.1540216;;;;;;;;;;;;;;;Zwolle Stadshagen;Zlsh
FMD;51;0144035;4;2286648;;FMD;Malderen;FMD https://www.openstreetmap.org/?lat=51.0144035&lon=4.2286648;;;;;;;;;;;;;;;Delft Campus;Dtcp
FZL;51;0092413;4;2980562;;FZL;Londerzeel;FZL https://www.openstreetmap.org/?lat=51.0092413&lon=4.2980562;;;;;;;;;;;;;;;Bergen op Zoom;Bgn
FKP;51;0108251;4;3590564;;FKP;Kapelle-op-den-Bos;FKP https://www.openstreetmap.org/?lat=51.0108251&lon=4.3590564;;;;;;;;;;;;;;;Naarden-Bussum;Ndb
FNW;51;0018607;3;970305;;FNW;Wichelen;FNW https://www.openstreetmap.org/?lat=51.0018607&lon=3.970305;;;;;;;;;;;;;;;Soestdijk;Sd
FAD;51;0031806;4;0115346;;FAD;Schoonaarde;FAD https://www.openstreetmap.org/?lat=51.0031806&lon=4.0115346;;;;;;;;;;;;;;;Martenshoek;Mth
FDM;51;0150135;4;0637076;;FDM;Oudegem;FDM https://www.openstreetmap.org/?lat=51.0150135&lon=4.0637076;;;;;;;;;;;;;;;Kropswolde;Kw
Zlsh;52;5278636;6;0512888;;Zlsh;Zwolle Stadshagen;Zlsh https://www.openstreetmap.org/?lat=52.5278636&lon=6.0512888;;;;;;;;;;;;;;;Wierden;Wdn
0;50;7673077;4;3543663;;;;;;;;;;;;;;;;;;;Vroomshoop;Vhp
Dtcp;51;9911036;4;3646868;;Dtcp;Delft Campus;Dtcp https://www.openstreetmap.org/?lat=51.9911036&lon=4.3646868;;;;;;;;;;;;;;;Rijssen;Rsn
Bgn;51;4947862;4;2961899;;Bgn;Bergen op Zoom;Bgn https://www.openstreetmap.org/?lat=51.4947862&lon=4.2961899;;;;;;;;;;;;;;;Beek-Elsloo;Bk
Ndb;52;280646;5;1571557;;Ndb;Naarden-Bussum;Ndb https://www.openstreetmap.org/?lat=52.280646&lon=5.1571557;;;;;;;;;;;;;;;Maastricht Randwyck;Mtr
Sd;52;1838566;5;2999111;;Sd;Soestdijk;Sd https://www.openstreetmap.org/?lat=52.1838566&lon=5.2999111;;;;;;;;;;;;;;;Hoensbroek;Hb
Mth;53;1608102;6;7405089;;Mth;Martenshoek;Mth https://www.openstreetmap.org/?lat=53.1608102&lon=6.7405089;;;;;;;;;;;;;;;Beernem;LBM
Kw;53;1615882;6;7229343;;Kw;Kropswolde;Kw https://www.openstreetmap.org/?lat=53.1615882&lon=6.7229343;;;;;;;;;;;;;;;Maria-Aalter;FIA
Wdn;52;36154;6;5921524;;Wdn;Wierden;Wdn https://www.openstreetmap.org/?lat=52.36154&lon=6.5921524;;;;;;;;;;;;;;;Oostkamp;FPO
Vhp;52;457312;6;5696271;;Vhp;Vroomshoop;Vhp https://www.openstreetmap.org/?lat=52.457312&lon=6.5696271;;;;;;;;;;;;;;;Geraardsbergen;FGRA
Rsn;52;3117493;6;5192167;;Rsn;Rijssen;Rsn https://www.openstreetmap.org/?lat=52.3117493&lon=6.5192167;;;;;;;;;;;;;;;Viane-Moerbeke;FKV
Bk;50;9477918;5;7872368;;Bk;Beek-Elsloo;Bk https://www.openstreetmap.org/?lat=50.9477918&lon=5.7872368;;;;;;;;;;;;;;;Galmaarden;FGM
Mtr;50;8376341;5;7176213;;Mtr;Maastricht Randwyck;Mtr https://www.openstreetmap.org/?lat=50.8376341&lon=5.7176213;;;;;;;;;;;;;;;Lierde;FRD
Hb;50;9055737;5;9302573;;Hb;Hoensbroek;Hb https://www.openstreetmap.org/?lat=50.9055737&lon=5.9302573;;;;;;;;;;;;;;;Moortsele;FZM
LBM;51;1281383;3;3294877;;LBM;Beernem;LBM https://www.openstreetmap.org/?lat=51.1281383&lon=3.3294877;;;;;;;;;;;;;;;Scheldewindeke;FSK
0;50;7513636;4;258435;;;;;;;;;;;;;;;;;;;Antwerpen-Noorderdokken;AND
FIA;51;1081407;3;3851815;;FIA;Maria-Aalter;FIA https://www.openstreetmap.org/?lat=51.1081407&lon=3.3851815;;;;;;;;;;;;;;;Antwerpen-Luchtbal;LB
FPO;51;154378;3;2573187;;FPO;Oostkamp;FPO https://www.openstreetmap.org/?lat=51.154378&lon=3.2573187;;;;;;;;;;;;;;;Munkzwalm;MNK
0;50;7337393;4;2404904;;;;;;;;;;;;;;;;;;;Sint-Denijs-Boekel;FNZ
FGRA;50;7702738;3;8722631;;FGRA;Geraardsbergen;FGRA https://www.openstreetmap.org/?lat=50.7702738&lon=3.8722631;;;;;;;;;;;;;;;Welle;WELLE
FKV;50;7519469;3;9168241;;FKV;Viane-Moerbeke;FKV https://www.openstreetmap.org/?lat=50.7519469&lon=3.9168241;;;;;;;;;;;;;;;Ronse;FRN
FGM;50;7435765;3;9665491;;FGM;Galmaarden;FGM https://www.openstreetmap.org/?lat=50.7435765&lon=3.9665491;;;;;;;;;;;;;;;Zingem;FZG
FRD;50;8159154;3;82699;;FRD;Lierde;FRD https://www.openstreetmap.org/?lat=50.8159154&lon=3.82699;;;;;;;;;;;;;;;Eine;FEI
FZM;50;9533141;3;7811778;;FZM;Moortsele;FZM https://www.openstreetmap.org/?lat=50.9533141&lon=3.7811778;;;;;;;;;;;;;;;Eke-Nazareth;FKE
FSK;50;9369041;3;7779584;;FSK;Scheldewindeke;FSK https://www.openstreetmap.org/?lat=50.9369041&lon=3.7779584;;;;;;;;;;;;;;;Gavere-Asper;FGA
AND;51;2613868;4;4277621;;AND;Antwerpen-Noorderdokken;AND https://www.openstreetmap.org/?lat=51.2613868&lon=4.4277621;;;;;;;;;;;;;;;Sint-Katelijne-Waver;FWA
LB;51;244358;4;4248923;;LB;Antwerpen-Luchtbal;LB https://www.openstreetmap.org/?lat=51.244358&lon=4.4248923;;;;;;;;;;;;;;;Mechelen-Nekkerspoel;LNK
MNK;50;8755481;3;7329879;;MNK;Munkzwalm;MNK https://www.openstreetmap.org/?lat=50.8755481&lon=3.7329879;;;;;;;;;;;;;;;Driebergen-Zeist;Db
FNZ;50;8742259;3;6984967;;FNZ;Sint-Denijs-Boekel;FNZ https://www.openstreetmap.org/?lat=50.8742259&lon=3.6984967;;;;;;;;;;;;;;;Mortsel-Deurnesteenweg;GMOD
WELLE;50;9030844;4;0508129;;WELLE;Welle;WELLE https://www.openstreetmap.org/?lat=50.9030844&lon=4.0508129;;;;;;;;;;;;;;;Antwerpen-Berchem;FCV
FRN;50;7422548;3;6017789;;FRN;Ronse;FRN https://www.openstreetmap.org/?lat=50.7422548&lon=3.6017789;;;;;;;;;;;;;;;Hoevelaken;Hvl
FZG;50;9080352;3;6463103;;FZG;Zingem;FZG https://www.openstreetmap.org/?lat=50.9080352&lon=3.6463103;;;;;;;;;;;;;;;Tielt;FTT
FEI;50;8704188;3;6237478;;FEI;Eine;FEI https://www.openstreetmap.org/?lat=50.8704188&lon=3.6237478;;;;;;;;;;;;;;;Torhout;FRT
FKE;50;9609583;3;6278379;;FKE;Eke-Nazareth;FKE https://www.openstreetmap.org/?lat=50.9609583&lon=3.6278379;;;;;;;;;;;;;;;Sint-Gillis;FSI
FGA;50;9292029;3;6400103;;FGA;Gavere-Asper;FGA https://www.openstreetmap.org/?lat=50.9292029&lon=3.6400103;;;;;;;;;;;;;;;Mortsel-Liersesteenweg;GMOL
0;50;7669177;4;3029618;;;;;;;;;;;;;;;;;;;Mortsel;GMO
0;50;751709;4;2659694;;;;;;;;;;;;;;;;;;;Hofstade;FHF
0;50;9586694;4;4577402;;;;;;;;;;;;;;;;;;;Bornem;LOB
0;50;9081115;4;4176319;;;;;;;;;;;;;;;;;;;Temse;FTS
FWA;51;0706591;4;4958343;;FWA;Sint-Katelijne-Waver;FWA https://www.openstreetmap.org/?lat=51.0706591&lon=4.4958343;;;;;;;;;;;;;;;Ruisbroek-Sauvegarde;FRBS
LNK;51;0302855;4;4902298;;LNK;Mechelen-Nekkerspoel;LNK https://www.openstreetmap.org/?lat=51.0302855&lon=4.4902298;;;;;;;;;;;;;;;Schelle;FC
Db;52;0652455;5;2602392;;Db;Driebergen-Zeist;Db https://www.openstreetmap.org/?lat=52.0652455&lon=5.2602392;;;;;;;;;;;;;;;Boom;FMB
GMOD;51;1823493;4;4471917;;GMOD;Mortsel-Deurnesteenweg;GMOD https://www.openstreetmap.org/?lat=51.1823493&lon=4.4471917;;;;;;;;;;;;;;;Hoboken-Polder;FOE
FCV;51;1997015;4;4323348;;FCV;Antwerpen-Berchem;FCV https://www.openstreetmap.org/?lat=51.1997015&lon=4.4323348;;;;;;;;;;;;;;;Hemiksem;LKM
Hvl;52;1664319;5;4579565;;Hvl;Hoevelaken;Hvl https://www.openstreetmap.org/?lat=52.1664319&lon=5.4579565;;;;;;;;;;;;;;;Zwijndrecht;LZD
FTT;50;990425;3;3296225;;FTT;Tielt;FTT https://www.openstreetmap.org/?lat=50.990425&lon=3.3296225;;;;;;;;;;;;;;;Sauwerd;Swd
FRT;51;0647908;3;105734;;FRT;Torhout;FRT https://www.openstreetmap.org/?lat=51.0647908&lon=3.105734;;;;;;;;;;;;;;;Bedum;Bdm
0;51;0051064;4;1344534;;;;;;;;;;;;;;;;;;;Warffum;Wfm
FSI;51;0211749;4;1184422;;FSI;Sint-Gillis;FSI https://www.openstreetmap.org/?lat=51.0211749&lon=4.1184422;;;;;;;;;;;;;;;Winsum;Wsm
0;50;9747763;4;1871777;;;;;;;;;;;;;;;;;;;Usquert;Ust
0;50;9895027;4;1562605;;;;;;;;;;;;;;;;;;;Stedum;Stm
0;50;9327234;4;2164122;;;;;;;;;;;;;;;;;;;Loppersum;Lp
0;50;8893862;4;2756033;;;;;;;;;;;;;;;;;;;Delfzijl West;Dzw
GMOL;51;1695282;4;4691651;;GMOL;Mortsel-Liersesteenweg;GMOL https://www.openstreetmap.org/?lat=51.1695282&lon=4.4691651;;;;;;;;;;;;;;;Delfzijl;Dz
GMO;51;1829808;4;4486143;;GMO;Mortsel;GMO https://www.openstreetmap.org/?lat=51.1829808&lon=4.4486143;;;;;;;;;;;;;;;Roodeschool;Rd
FHF;50;9884748;4;4983144;;FHF;Hofstade;FHF https://www.openstreetmap.org/?lat=50.9884748&lon=4.4983144;;;;;;;;;;;;;;;Baflo;Bf
LOB;51;0993795;4;2400736;;LOB;Bornem;LOB https://www.openstreetmap.org/?lat=51.0993795&lon=4.2400736;;;;;;;;;;;;;;;Uithuizen;Uhz
FTS;51;126115;4;2211479;;FTS;Temse;FTS https://www.openstreetmap.org/?lat=51.126115&lon=4.2211479;;;;;;;;;;;;;;;Uithuizermeeden;Uhm
FRBS;51;0810559;4;3256858;;FRBS;Ruisbroek-Sauvegarde;FRBS https://www.openstreetmap.org/?lat=51.0810559&lon=4.3256858;;;;;;;;;;;;;;;Eemshaven;Eem
FC;51;125525;4;3402494;;FC;Schelle;FC https://www.openstreetmap.org/?lat=51.125525&lon=4.3402494;;;;;;;;;;;;;;;Hoogezand-Sappemeer;Hgz
FMB;51;0908512;4;3603723;;FMB;Boom;FMB https://www.openstreetmap.org/?lat=51.0908512&lon=4.3603723;;;;;;;;;;;;;;;Scheemda;Sda
FOE;51;1829663;4;3483745;;FOE;Hoboken-Polder;FOE https://www.openstreetmap.org/?lat=51.1829663&lon=4.3483745;;;;;;;;;;;;;;;Zuidbroek;Zb
LKM;51;1363324;4;3385038;;LKM;Hemiksem;LKM https://www.openstreetmap.org/?lat=51.1363324&lon=4.3385038;;;;;;;;;;;;;;;Veendam;Vdm
LZD;51;2141489;4;3306372;;LZD;Zwijndrecht;LZD https://www.openstreetmap.org/?lat=51.2141489&lon=4.3306372;;;;;;;;;;;;;;;Bad Nieuweschans;Nsch
0;51;2107092;4;2867883;;;;;;;;;;;;;;;;;;;Evergem;FMV
Swd;53;2915652;6;540409;;Swd;Sauwerd;Swd https://www.openstreetmap.org/?lat=53.2915652&lon=6.540409;;;;;;;;;;;;;;;Waarschoot;LWT
Bdm;53;3069316;6;5927288;;Bdm;Bedum;Bdm https://www.openstreetmap.org/?lat=53.3069316&lon=6.5927288;;;;;;;;;;;;;;;Wondelgem;FWO
Wfm;53;3901502;6;5668637;;Wfm;Warffum;Wfm https://www.openstreetmap.org/?lat=53.3901502&lon=6.5668637;;;;;;;;;;;;;;;Gentbrugge;FUGE
Wsm;53;330093;6;5203056;;Wsm;Winsum;Wsm https://www.openstreetmap.org/?lat=53.330093&lon=6.5203056;;;;;;;;;;;;;;;Dilbeek;FKB
Ust;53;4009642;6;6095178;;Ust;Usquert;Ust https://www.openstreetmap.org/?lat=53.4009642&lon=6.6095178;;;;;;;;;;;;;;;Groot-Bijgaarden;MGA
Stm;53;3263606;6;6873925;;Stm;Stedum;Stm https://www.openstreetmap.org/?lat=53.3263606&lon=6.6873925;;;;;;;;;;;;;;;Essene-Lombeek;FKS
Lp;53;3347918;6;7474514;;Lp;Loppersum;Lp https://www.openstreetmap.org/?lat=53.3347918&lon=6.7474514;;;;;;;;;;;;;;;Ternat;FTN
Dzw;53;3320112;6;9070228;;Dzw;Delfzijl West;Dzw https://www.openstreetmap.org/?lat=53.3320112&lon=6.9070228;;;;;;;;;;;;;;;Schellebelle;FCB
Dz;53;3337339;6;9237352;;Dz;Delfzijl;Dz https://www.openstreetmap.org/?lat=53.3337339&lon=6.9237352;;;;;;;;;;;;;;;Eindhoven Centraal;Ehv
Rd;53;4210157;6;7583767;;Rd;Roodeschool;Rd https://www.openstreetmap.org/?lat=53.4210157&lon=6.7583767;;;;;;;;;;;;;;;Oudenbosch;Odb
Bf;53;361054;6;5188465;;Bf;Baflo;Bf https://www.openstreetmap.org/?lat=53.361054&lon=6.5188465;;;;;;;;;;;;;;;Zevenbergen;Zvb
Uhz;53;4096293;6;6746834;;Uhz;Uithuizen;Uhz https://www.openstreetmap.org/?lat=53.4096293&lon=6.6746834;;;;;;;;;;;;;;;Maarheeze;Mz
Uhm;53;4139462;6;7202534;;Uhm;Uithuizermeeden;Uhm https://www.openstreetmap.org/?lat=53.4139462&lon=6.7202534;;;;;;;;;;;;;;;Heeze;Hze
Eem;53;4586109;6;8308031;;Eem;Eemshaven;Eem https://www.openstreetmap.org/?lat=53.4586109&lon=6.8308031;;;;;;;;;;;;;;;Lage Zwaluwe;Zlw
Hgz;53;1597953;6;7709176;;Hgz;Hoogezand-Sappemeer;Hgz https://www.openstreetmap.org/?lat=53.1597953&lon=6.7709176;;;;;;;;;;;;;;;Breda-Prinsenbeek;Bdpb
Sda;53;1654348;6;977959;;Sda;Scheemda;Sda https://www.openstreetmap.org/?lat=53.1654348&lon=6.977959;;;;;;;;;;;;;;;Oisterwijk;Ot
Zb;53;1593423;6;8667625;;Zb;Zuidbroek;Zb https://www.openstreetmap.org/?lat=53.1593423&lon=6.8667625;;;;;;;;;;;;;;;Dordrecht Zuid;Ddzd
Vdm;53;1049958;6;8862686;;Vdm;Veendam;Vdm https://www.openstreetmap.org/?lat=53.1049958&lon=6.8862686;;;;;;;;;;;;;;;Vlissingen Souburg;Vss
Nsch;53;1847702;7;2005246;;Nsch;Bad Nieuweschans;Nsch https://www.openstreetmap.org/?lat=53.1847702&lon=7.2005246;;;;;;;;;;;;;;;Middelburg;Mdb
FMV;51;1071098;3;7023144;;FMV;Evergem;FMV https://www.openstreetmap.org/?lat=51.1071098&lon=3.7023144;;;;;;;;;;;;;;;Arnemuiden;Arn
LWT;51;1544208;3;6151788;;LWT;Waarschoot;LWT https://www.openstreetmap.org/?lat=51.1544208&lon=3.6151788;;;;;;;;;;;;;;;Goes;Gs
FWO;51;0890329;3;7196081;;FWO;Wondelgem;FWO https://www.openstreetmap.org/?lat=51.0890329&lon=3.7196081;;;;;;;;;;;;;;;Kapelle-Biezelinge;Bzl
FUGE;51;0386296;3;7562885;;FUGE;Gentbrugge;FUGE https://www.openstreetmap.org/?lat=51.0386296&lon=3.7562885;;;;;;;;;;;;;;;Kruiningen-Yerseke;Krg
FKB;50;8661778;4;2448699;;FKB;Dilbeek;FKB https://www.openstreetmap.org/?lat=50.8661778&lon=4.2448699;;;;;;;;;;;;;;;Krabbendijke;Kbd
MGA;50;8683511;4;2738788;;MGA;Groot-Bijgaarden;MGA https://www.openstreetmap.org/?lat=50.8683511&lon=4.2738788;;;;;;;;;;;;;;;Rilland-Bath;Rb
FKS;50;8823913;4;1170463;;FKS;Essene-Lombeek;FKS https://www.openstreetmap.org/?lat=50.8823913&lon=4.1170463;;;;;;;;;;;;;;;Nijmegen Heyendaal;Nmh
FTN;50;8746359;4;1658889;;FTN;Ternat;FTN https://www.openstreetmap.org/?lat=50.8746359&lon=4.1658889;;;;;;;;;;;;;;;Mook Molenhoek;Mmlh
FCB;51;0031021;3;9209671;;FCB;Schellebelle;FCB https://www.openstreetmap.org/?lat=51.0031021&lon=3.9209671;;;;;;;;;;;;;;;Oss;O
Ehv;51;4429623;5;4795265;;Ehv;Eindhoven Centraal;Ehv https://www.openstreetmap.org/?lat=51.4429623&lon=5.4795265;;;;;;;;;;;;;;;Cuijk;Ck
Odb;51;5878989;4;5334608;;Odb;Oudenbosch;Odb https://www.openstreetmap.org/?lat=51.5878989&lon=4.5334608;;;;;;;;;;;;;;;Tegelen;Tg
Zvb;51;6413438;4;6100851;;Zvb;Zevenbergen;Zvb https://www.openstreetmap.org/?lat=51.6413438&lon=4.6100851;;;;;;;;;;;;;;;Reuver;Rv
Mz;51;3042309;5;6303829;;Mz;Maarheeze;Mz https://www.openstreetmap.org/?lat=51.3042309&lon=5.6303829;;;;;;;;;;;;;;;Swalmen;Sm
Hze;51;3853329;5;5694204;;Hze;Heeze;Hze https://www.openstreetmap.org/?lat=51.3853329&lon=5.5694204;;;;;;;;;;;;;;;Geleen Oost;Gln
Zlw;51;6901564;4;6637116;;Zlw;Lage Zwaluwe;Zlw https://www.openstreetmap.org/?lat=51.6901564&lon=4.6637116;;;;;;;;;;;;;;;Geleen-Lutterade;Lut
Bdpb;51;6057193;4;7214222;;Bdpb;Breda-Prinsenbeek;Bdpb https://www.openstreetmap.org/?lat=51.6057193&lon=4.7214222;;;;;;;;;;;;;;;Echt;Ec
Ot;51;5821442;5;193898;;Ot;Oisterwijk;Ot https://www.openstreetmap.org/?lat=51.5821442&lon=5.193898;;;;;;;;;;;;;;;Maastricht Noord;Mtn
Ddzd;51;79017;4;6715744;;Ddzd;Dordrecht Zuid;Ddzd https://www.openstreetmap.org/?lat=51.79017&lon=4.6715744;;;;;;;;;;;;;;;Bunde;Bde
Vss;51;4647139;3;5950865;;Vss;Vlissingen Souburg;Vss https://www.openstreetmap.org/?lat=51.4647139&lon=3.5950865;;;;;;;;;;;;;;;Houthem-Sint Gerlach;Sgl
Mdb;51;4952465;3;6181236;;Mdb;Middelburg;Mdb https://www.openstreetmap.org/?lat=51.4952465&lon=3.6181236;;;;;;;;;;;;;;;Voerendaal;Vdl
Arn;51;5015317;3;6695432;;Arn;Arnemuiden;Arn https://www.openstreetmap.org/?lat=51.5015317&lon=3.6695432;;;;;;;;;;;;;;;Klimmen-Ransdaal;Kmr
Gs;51;498193;3;8893972;;Gs;Goes;Gs https://www.openstreetmap.org/?lat=51.498193&lon=3.8893972;;;;;;;;;;;;;;;Schin op Geul;Sog
Bzl;51;4805125;3;9566104;;Bzl;Kapelle-Biezelinge;Bzl https://www.openstreetmap.org/?lat=51.4805125&lon=3.9566104;;;;;;;;;;;;;;;Brugge-Sint-Pieters;FRSP
Krg;51;4650521;4;037626;;Krg;Kruiningen-Yerseke;Krg https://www.openstreetmap.org/?lat=51.4650521&lon=4.037626;;;;;;;;;;;;;;;Lissewege;FLW
Kbd;51;4333216;4;1171144;;Kbd;Krabbendijke;Kbd https://www.openstreetmap.org/?lat=51.4333216&lon=4.1171144;;;;;;;;;;;;;;;Zeebrugge-Strand;LZS
Rb;51;4226196;4;1607921;;Rb;Rilland-Bath;Rb https://www.openstreetmap.org/?lat=51.4226196&lon=4.1607921;;;;;;;;;;;;;;;Beesd;Bsd
Nmh;51;8267778;5;8679526;;Nmh;Nijmegen Heyendaal;Nmh https://www.openstreetmap.org/?lat=51.8267778&lon=5.8679526;;;;;;;;;;;;;;;Leerdam;Ldm
Mmlh;51;7665425;5;8789752;;Mmlh;Mook Molenhoek;Mmlh https://www.openstreetmap.org/?lat=51.7665425&lon=5.8789752;;;;;;;;;;;;;;;Boven Hardinxveld;Bhdv
O;51;7652868;5;531271;;O;Oss;O https://www.openstreetmap.org/?lat=51.7652868&lon=5.531271;;;;;;;;;;;;;;;Hardinxveld Blauwe Zoom;Hbzm
Ck;51;7266248;5;8741958;;Ck;Cuijk;Ck https://www.openstreetmap.org/?lat=51.7266248&lon=5.8741958;;;;;;;;;;;;;;;Sliedrecht;Sdt
Tg;51;3392858;6;1433761;;Tg;Tegelen;Tg https://www.openstreetmap.org/?lat=51.3392858&lon=6.1433761;;;;;;;;;;;;;;;Sliedrecht Baanhoek;Sdtb
Rv;51;2829798;6;0794073;;Rv;Reuver;Rv https://www.openstreetmap.org/?lat=51.2829798&lon=6.0794073;;;;;;;;;;;;;;;Dordrecht Stadspolders;Ddrs
Sm;51;2354149;6;0315749;;Sm;Swalmen;Sm https://www.openstreetmap.org/?lat=51.2354149&lon=6.0315749;;;;;;;;;;;;;;;Ruurlo;Rl
Gln;50;9675045;5;8435398;;Gln;Geleen Oost;Gln https://www.openstreetmap.org/?lat=50.9675045&lon=5.8435398;;;;;;;;;;;;;;;Winterswijk West;Www
Lut;50;9753479;5;8244583;;Lut;Geleen-Lutterade;Lut https://www.openstreetmap.org/?lat=50.9753479&lon=5.8244583;;;;;;;;;;;;;;;Winterswijk;Ww
Ec;51;1001607;5;8788214;;Ec;Echt;Ec https://www.openstreetmap.org/?lat=51.1001607&lon=5.8788214;;;;;;;;;;;;;;;Aalten;Atn
Mtn;50;8705194;5;7175501;;Mtn;Maastricht Noord;Mtn https://www.openstreetmap.org/?lat=50.8705194&lon=5.7175501;;;;;;;;;;;;;;;Varsseveld;Vsv
Bde;50;8967761;5;7366435;;Bde;Bunde;Bde https://www.openstreetmap.org/?lat=50.8967761&lon=5.7366435;;;;;;;;;;;;;;;Terborg;Tbg
Sgl;50;8733866;5;7966263;;Sgl;Houthem-Sint Gerlach;Sgl https://www.openstreetmap.org/?lat=50.8733866&lon=5.7966263;;;;;;;;;;;;;;;Doetinchem;Dtc
Vdl;50;8868406;5;9294168;;Vdl;Voerendaal;Vdl https://www.openstreetmap.org/?lat=50.8868406&lon=5.9294168;;;;;;;;;;;;;;;Wehl;Wl
Kmr;50;8662625;5;8901666;;Kmr;Klimmen-Ransdaal;Kmr https://www.openstreetmap.org/?lat=50.8662625&lon=5.8901666;;;;;;;;;;;;;;;Didam;Did
Sog;50;8562824;5;8720575;;Sog;Schin op Geul;Sog https://www.openstreetmap.org/?lat=50.8562824&lon=5.8720575;;;;;;;;;;;;;;;Oosterbeek;Otb
FRSP;51;222983;3;2018012;;FRSP;Brugge-Sint-Pieters;FRSP https://www.openstreetmap.org/?lat=51.222983&lon=3.2018012;;;;;;;;;;;;;;;Twello;Twl
FLW;51;2946825;3;1944575;;FLW;Lissewege;FLW https://www.openstreetmap.org/?lat=51.2946825&lon=3.1944575;;;;;;;;;;;;;;;Apeldoorn Osseveld;Apdo
LZS;51;3304591;3;1841013;;LZS;Zeebrugge-Strand;LZS https://www.openstreetmap.org/?lat=51.3304591&lon=3.1841013;;;;;;;;;;;;;;;Apeldoorn De Maten;Apdm
Bsd;51;8994088;5;1958729;;Bsd;Beesd;Bsd https://www.openstreetmap.org/?lat=51.8994088&lon=5.1958729;;;;;;;;;;;;;;;Klarenbeek;Kbk
Ldm;51;8946156;5;0927911;;Ldm;Leerdam;Ldm https://www.openstreetmap.org/?lat=51.8946156&lon=5.0927911;;;;;;;;;;;;;;;Voorst-Empe;Vem
Bhdv;51;8323509;4;8785268;;Bhdv;Boven Hardinxveld;Bhdv https://www.openstreetmap.org/?lat=51.8323509&lon=4.8785268;;;;;;;;;;;;;;;Arnhem Presikhaaf;Ahpr
Hbzm;51;8295797;4;8157538;;Hbzm;Hardinxveld Blauwe Zoom;Hbzm https://www.openstreetmap.org/?lat=51.8295797&lon=4.8157538;;;;;;;;;;;;;;;Velp;Vp
Sdt;51;8296105;4;7782401;;Sdt;Sliedrecht;Sdt https://www.openstreetmap.org/?lat=51.8296105&lon=4.7782401;;;;;;;;;;;;;;;Rheden;Rh
Sdtb;51;8293478;4;7429954;;Sdtb;Sliedrecht Baanhoek;Sdtb https://www.openstreetmap.org/?lat=51.8293478&lon=4.7429954;;;;;;;;;;;;;;;Dieren;Dr
Ddrs;51;8019721;4;7162093;;Ddrs;Dordrecht Stadspolders;Ddrs https://www.openstreetmap.org/?lat=51.8019721&lon=4.7162093;;;;;;;;;;;;;;;Zutphen;Zp
Rl;52;0807573;6;4499208;;Rl;Ruurlo;Rl https://www.openstreetmap.org/?lat=52.0807573&lon=6.4499208;;;;;;;;;;;;;;;Gaanderen;Gdr
Www;51;9746836;6;7037162;;Www;Winterswijk West;Www https://www.openstreetmap.org/?lat=51.9746836&lon=6.7037162;;;;;;;;;;;;;;;Goor;Go
Ww;51;968013;6;7147769;;Ww;Winterswijk;Ww https://www.openstreetmap.org/?lat=51.968013&lon=6.7147769;;;;;;;;;;;;;;;Lochem;Lc
Atn;51;9213392;6;5787107;;Atn;Aalten;Atn https://www.openstreetmap.org/?lat=51.9213392&lon=6.5787107;;;;;;;;;;;;;;;Holten;Hon
Vsv;51;9372071;6;4584952;;Vsv;Varsseveld;Vsv https://www.openstreetmap.org/?lat=51.9372071&lon=6.4584952;;;;;;;;;;;;;;;Deventer Colmschate;Dvc
Tbg;51;9226255;6;3642821;;Tbg;Terborg;Tbg https://www.openstreetmap.org/?lat=51.9226255&lon=6.3642821;;;;;;;;;;;;;;;Rijswijk;Rsw
Dtc;51;9584492;6;295763;;Dtc;Doetinchem;Dtc https://www.openstreetmap.org/?lat=51.9584492&lon=6.295763;;;;;;;;;;;;;;;Voorschoten;Vst
Wl;51;9571754;6;2137189;;Wl;Wehl;Wl https://www.openstreetmap.org/?lat=51.9571754&lon=6.2137189;;;;;;;;;;;;;;;De Vink;Dvnk
Did;51;9333033;6;1324299;;Did;Didam;Did https://www.openstreetmap.org/?lat=51.9333033&lon=6.1324299;;;;;;;;;;;;;;;Leiden Lammenschans;Ldl
Otb;51;9947831;5;8404874;;Otb;Oosterbeek;Otb https://www.openstreetmap.org/?lat=51.9947831&lon=5.8404874;;;;;;;;;;;;;;;Bodegraven;Bdg
Twl;52;2383228;6;1007009;;Twl;Twello;Twl https://www.openstreetmap.org/?lat=52.2383228&lon=6.1007009;;;;;;;;;;;;;;;Voorhout;Vh
Apdo;52;2157325;6;0061053;;Apdo;Apeldoorn Osseveld;Apdo https://www.openstreetmap.org/?lat=52.2157325&lon=6.0061053;;;;;;;;;;;;;;;Hillegom;Hil
Apdm;52;2052214;6;0006634;;Apdm;Apeldoorn De Maten;Apdm https://www.openstreetmap.org/?lat=52.2052214&lon=6.0006634;;;;;;;;;;;;;;;Heemstede-Aerdenhout;Had
Kbk;52;1780369;6;0842046;;Kbk;Klarenbeek;Kbk https://www.openstreetmap.org/?lat=52.1780369&lon=6.0842046;;;;;;;;;;;;;;;Zandvoort aan Zee;Zvt
Vem;52;1575224;6;1439192;;Vem;Voorst-Empe;Vem https://www.openstreetmap.org/?lat=52.1575224&lon=6.1439192;;;;;;;;;;;;;;;Overveen;Ovn
Ahpr;51;9876005;5;9429188;;Ahpr;Arnhem Presikhaaf;Ahpr https://www.openstreetmap.org/?lat=51.9876005&lon=5.9429188;;;;;;;;;;;;;;;Haarlem Spaarnwoude;Hlms
Vp;51;9950101;5;9809858;;Vp;Velp;Vp https://www.openstreetmap.org/?lat=51.9950101&lon=5.9809858;;;;;;;;;;;;;;;'s-Hertogenbosch Oost;Hto
Rh;52;0099982;6;0307364;;Rh;Rheden;Rh https://www.openstreetmap.org/?lat=52.0099982&lon=6.0307364;;;;;;;;;;;;;;;Spaubeek;Sbk
Dr;52;0446667;6;1029162;;Dr;Dieren;Dr https://www.openstreetmap.org/?lat=52.0446667&lon=6.1029162;;;;;;;;;;;;;;;Nieuwerkerk aan den IJssel;Nwk
Zp;52;1446293;6;1942652;;Zp;Zutphen;Zp https://www.openstreetmap.org/?lat=52.1446293&lon=6.1942652;;;;;;;;;;;;;;;Capelle Schollevaar;Cps
Gdr;51;9308536;6;3483665;;Gdr;Gaanderen;Gdr https://www.openstreetmap.org/?lat=51.9308536&lon=6.3483665;;;;;;;;;;;;;;;Rotterdam Noord;Rtn
Go;52;2302772;6;5850946;;Go;Goor;Go https://www.openstreetmap.org/?lat=52.2302772&lon=6.5850946;;;;;;;;;;;;;;;Rotterdam Zuid;Rtz
Lc;52;1668016;6;4263786;;Lc;Lochem;Lc https://www.openstreetmap.org/?lat=52.1668016&lon=6.4263786;;;;;;;;;;;;;;;Rotterdam Lombardijen;Rlb
Hon;52;2840788;6;4211684;;Hon;Holten;Hon https://www.openstreetmap.org/?lat=52.2840788&lon=6.4211684;;;;;;;;;;;;;;;Gouda Goverwelle;Gdg
Dvc;52;25035;6;2156789;;Dvc;Deventer Colmschate;Dvc https://www.openstreetmap.org/?lat=52.25035&lon=6.2156789;;;;;;;;;;;;;;;Driehuis;Drh
Rsw;52;03755;4;3220394;;Rsw;Rijswijk;Rsw https://www.openstreetmap.org/?lat=52.03755&lon=4.3220394;;;;;;;;;;;;;;;Santpoort Noord;Sptn
Vst;52;1262326;4;4336799;;Vst;Voorschoten;Vst https://www.openstreetmap.org/?lat=52.1262326&lon=4.4336799;;;;;;;;;;;;;;;Santpoort Zuid;Sptz
Dvnk;52;1471818;4;4563018;;Dvnk;De Vink;Dvnk https://www.openstreetmap.org/?lat=52.1471818&lon=4.4563018;;;;;;;;;;;;;;;Bloemendaal;Bll
Ldl;52;1467516;4;4929317;;Ldl;Leiden Lammenschans;Ldl https://www.openstreetmap.org/?lat=52.1467516&lon=4.4929317;;;;;;;;;;;;;;;Uitgeest;Utg
Bdg;52;0814538;4;7462503;;Bdg;Bodegraven;Bdg https://www.openstreetmap.org/?lat=52.0814538&lon=4.7462503;;;;;;;;;;;;;;;Heemskerk;Hk
Vh;52;2253573;4;484053;;Vh;Voorhout;Vh https://www.openstreetmap.org/?lat=52.2253573&lon=4.484053;;;;;;;;;;;;;;;Beverwijk;Bv
Hil;52;30314;4;5660754;;Hil;Hillegom;Hil https://www.openstreetmap.org/?lat=52.30314&lon=4.5660754;;;;;;;;;;;;;;;Schagen;Sgn
Had;52;3595052;4;6067862;;Had;Heemstede-Aerdenhout;Had https://www.openstreetmap.org/?lat=52.3595052&lon=4.6067862;;;;;;;;;;;;;;;Alkmaar Noord;Amrn
Zvt;52;3757259;4;5314622;;Zvt;Zandvoort aan Zee;Zvt https://www.openstreetmap.org/?lat=52.3757259&lon=4.5314622;;;;;;;;;;;;;;;Bovenkarspel Flora;Bkf
Ovn;52;3910774;4;6068322;;Ovn;Overveen;Ovn https://www.openstreetmap.org/?lat=52.3910774&lon=4.6068322;;;;;;;;;;;;;;;Amersfoort Schothorst;Amfs
Hlms;52;3828478;4;6713542;;Hlms;Haarlem Spaarnwoude;Hlms https://www.openstreetmap.org/?lat=52.3828478&lon=4.6713542;;;;;;;;;;;;;;;Amersfoort Vathorst;Avat
Hto;51;7005543;5;3191158;;Hto;'s-Hertogenbosch Oost;Hto https://www.openstreetmap.org/?lat=51.7005543&lon=5.3191158;;;;;;;;;;;;;;;Nijkerk;Nkk
Sbk;50;9434247;5;8495905;;Sbk;Spaubeek;Sbk https://www.openstreetmap.org/?lat=50.9434247&lon=5.8495905;;;;;;;;;;;;;;;Putten;Pt
Nwk;51;9653044;4;6168787;;Nwk;Nieuwerkerk aan den IJssel;Nwk https://www.openstreetmap.org/?lat=51.9653044&lon=4.6168787;;;;;;;;;;;;;;;Nunspeet;Ns
Cps;51;9541176;4;5840957;;Cps;Capelle Schollevaar;Cps https://www.openstreetmap.org/?lat=51.9541176&lon=4.5840957;;;;;;;;;;;;;;;'t Harde;Hde
Rtn;51;9422622;4;4815812;;Rtn;Rotterdam Noord;Rtn https://www.openstreetmap.org/?lat=51.9422622&lon=4.4815812;;;;;;;;;;;;;;;Wezep;Wz
Rtz;51;9049018;4;5098521;;Rtz;Rotterdam Zuid;Rtz https://www.openstreetmap.org/?lat=51.9049018&lon=4.5098521;;;;;;;;;;;;;;;Utrecht Overvecht;Uto
Rlb;51;8803596;4;5310527;;Rlb;Rotterdam Lombardijen;Rlb https://www.openstreetmap.org/?lat=51.8803596&lon=4.5310527;;;;;;;;;;;;;;;Bilthoven;Bhv
Gdg;52;0150128;4;7420993;;Gdg;Gouda Goverwelle;Gdg https://www.openstreetmap.org/?lat=52.0150128&lon=4.7420993;;;;;;;;;;;;;;;Den Dolder;Dld
Drh;52;4427409;4;6387141;;Drh;Driehuis;Drh https://www.openstreetmap.org/?lat=52.4427409&lon=4.6387141;;;;;;;;;;;;;;;Kampen;Kpn
Sptn;52;4338823;4;6325507;;Sptn;Santpoort Noord;Sptn https://www.openstreetmap.org/?lat=52.4338823&lon=4.6325507;;;;;;;;;;;;;;;Almere Muziekwijk;Almm
Sptz;52;4193488;4;6314176;;Sptz;Santpoort Zuid;Sptz https://www.openstreetmap.org/?lat=52.4193488&lon=4.6314176;;;;;;;;;;;;;;;Weesp;Wp
Bll;52;4043478;4;6276629;;Bll;Bloemendaal;Bll https://www.openstreetmap.org/?lat=52.4043478&lon=4.6276629;;;;;;;;;;;;;;;Amsterdam Science Park;Assp
Utg;52;5214311;4;70259;;Utg;Uitgeest;Utg https://www.openstreetmap.org/?lat=52.5214311&lon=4.70259;;;;;;;;;;;;;;;Bussum Zuid;Bsmz
Hk;52;4946348;4;6861262;;Hk;Heemskerk;Hk https://www.openstreetmap.org/?lat=52.4946348&lon=4.6861262;;;;;;;;;;;;;;;Hilversum Media Park;Hvsm
Bv;52;4785365;4;6566186;;Bv;Beverwijk;Bv https://www.openstreetmap.org/?lat=52.4785365&lon=4.6566186;;;;;;;;;;;;;;;Hilversum;Hvs
Sgn;52;7852715;4;8053789;;Sgn;Schagen;Sgn https://www.openstreetmap.org/?lat=52.7852715&lon=4.8053789;;;;;;;;;;;;;;;Hilversum Sportpark;Hvsp
Amrn;52;6437653;4;7639556;;Amrn;Alkmaar Noord;Amrn https://www.openstreetmap.org/?lat=52.6437653&lon=4.7639556;;;;;;;;;;;;;;;Hollandsche Rading;Hor
Bkf;52;6961115;5;2533431;;Bkf;Bovenkarspel Flora;Bkf https://www.openstreetmap.org/?lat=52.6961115&lon=5.2533431;;;;;;;;;;;;;;;Baarn;Brn
Amfs;52;1748604;5;4038593;;Amfs;Amersfoort Schothorst;Amfs https://www.openstreetmap.org/?lat=52.1748604&lon=5.4038593;;;;;;;;;;;;;;;Soest Zuid;Stz
Avat;52;1925392;5;4335673;;Avat;Amersfoort Vathorst;Avat https://www.openstreetmap.org/?lat=52.1925392&lon=5.4335673;;;;;;;;;;;;;;;Waddinxveen Triangel;Wadt
Nkk;52;2220274;5;4935229;;Nkk;Nijkerk;Nkk https://www.openstreetmap.org/?lat=52.2220274&lon=5.4935229;;;;;;;;;;;;;;;Waddinxveen;Wad
Pt;52;2654979;5;5758773;;Pt;Putten;Pt https://www.openstreetmap.org/?lat=52.2654979&lon=5.5758773;;;;;;;;;;;;;;;Waddinxveen Noord;Wadn
Ns;52;3707574;5;7841371;;Ns;Nunspeet;Ns https://www.openstreetmap.org/?lat=52.3707574&lon=5.7841371;;;;;;;;;;;;;;;Boskoop Snijdelwijk;Bsks
Hde;52;4091474;5;8930152;;Hde;'t Harde;Hde https://www.openstreetmap.org/?lat=52.4091474&lon=5.8930152;;;;;;;;;;;;;;;Boskoop;Bsk
Wz;52;4543848;6;003111;;Wz;Wezep;Wz https://www.openstreetmap.org/?lat=52.4543848&lon=6.003111;;;;;;;;;;;;;;;Purmerend Overwhere;Pmo
Uto;52;1101212;5;1257618;;Uto;Utrecht Overvecht;Uto https://www.openstreetmap.org/?lat=52.1101212&lon=5.1257618;;;;;;;;;;;;;;;Purmerend;Pmr
Bhv;52;1301876;5;2046838;;Bhv;Bilthoven;Bhv https://www.openstreetmap.org/?lat=52.1301876&lon=5.2046838;;;;;;;;;;;;;;;Purmerend Weidevenne;Pmw
Dld;52;1402279;5;2420971;;Dld;Den Dolder;Dld https://www.openstreetmap.org/?lat=52.1402279&lon=5.2420971;;;;;;;;;;;;;;;Zaandam Kogerveld;Zdk
Kpn;52;5597878;5;92163;;Kpn;Kampen;Kpn https://www.openstreetmap.org/?lat=52.5597878&lon=5.92163;;;;;;;;;;;;;;;Koog aan de Zaan;Kz
Almm;52;367558;5;190341;;Almm;Almere Muziekwijk;Almm https://www.openstreetmap.org/?lat=52.367558&lon=5.190341;;;;;;;;;;;;;;;Bunnik;Bnk
Wp;52;3122067;5;0440484;;Wp;Weesp;Wp https://www.openstreetmap.org/?lat=52.3122067&lon=5.0440484;;;;;;;;;;;;;;;Maarn;Mrn
Assp;52;352926;4;948315;;Assp;Amsterdam Science Park;Assp https://www.openstreetmap.org/?lat=52.352926&lon=4.948315;;;;;;;;;;;;;;;Diemen;Dmn
Bsmz;52;2658951;5;1628737;;Bsmz;Bussum Zuid;Bsmz https://www.openstreetmap.org/?lat=52.2658951&lon=5.1628737;;;;;;;;;;;;;;;Barneveld Noord;Bnn
Hvsm;52;2378723;5;1740114;;Hvsm;Hilversum Media Park;Hvsm https://www.openstreetmap.org/?lat=52.2378723&lon=5.1740114;;;;;;;;;;;;;;;Lunteren;Ltn
Hvs;52;2265342;5;1812974;;Hvs;Hilversum;Hvs https://www.openstreetmap.org/?lat=52.2265342&lon=5.1812974;;;;;;;;;;;;;;;Ede Centrum;Edc
Hvsp;52;2164296;5;1873161;;Hvsp;Hilversum Sportpark;Hvsp https://www.openstreetmap.org/?lat=52.2164296&lon=5.1873161;;;;;;;;;;;;;;;Rhenen;Rhn
Hor;52;1780793;5;1793156;;Hor;Hollandsche Rading;Hor https://www.openstreetmap.org/?lat=52.1780793&lon=5.1793156;;;;;;;;;;;;;;;Hengelo Gezondheidspark;Hglg
Brn;52;2080875;5;2817232;;Brn;Baarn;Brn https://www.openstreetmap.org/?lat=52.2080875&lon=5.2817232;;;;;;;;;;;;;;;Delden;Ddn
Stz;52;1651988;5;3028921;;Stz;Soest Zuid;Stz https://www.openstreetmap.org/?lat=52.1651988&lon=5.3028921;;;;;;;;;;;;;;;Borne;Bn
Wadt;52;0272134;4;6490359;;Wadt;Waddinxveen Triangel;Wadt https://www.openstreetmap.org/?lat=52.0272134&lon=4.6490359;;;;;;;;;;;;;;;Almelo de Riet;Amri
Wad;52;0441134;4;6499027;;Wad;Waddinxveen;Wad https://www.openstreetmap.org/?lat=52.0441134&lon=4.6499027;;;;;;;;;;;;;;;Nijverdal;Nvd
Wadn;52;0552626;4;648369;;Wadn;Waddinxveen Noord;Wadn https://www.openstreetmap.org/?lat=52.0552626&lon=4.648369;;;;;;;;;;;;;;;Heino;Hno
Bsks;52;067341;4;6462703;;Bsks;Boskoop Snijdelwijk;Bsks https://www.openstreetmap.org/?lat=52.067341&lon=4.6462703;;;;;;;;;;;;;;;Raalte;Rat
Bsk;52;0770639;4;6466297;;Bsk;Boskoop;Bsk https://www.openstreetmap.org/?lat=52.0770639&lon=4.6466297;;;;;;;;;;;;;;;Grijpskerk;Gk
Pmo;52;5112223;4;9670882;;Pmo;Purmerend Overwhere;Pmo https://www.openstreetmap.org/?lat=52.5112223&lon=4.9670882;;;;;;;;;;;;;;;Dalfsen;Dl
Pmr;52;5039525;4;9544121;;Pmr;Purmerend;Pmr https://www.openstreetmap.org/?lat=52.5039525&lon=4.9544121;;;;;;;;;;;;;;;Ommen;Omn
Pmw;52;4963796;4;9350292;;Pmw;Purmerend Weidevenne;Pmw https://www.openstreetmap.org/?lat=52.4963796&lon=4.9350292;;;;;;;;;;;;;;;Vriezenveen;Vz
Zdk;52;4567546;4;8191929;;Zdk;Zaandam Kogerveld;Zdk https://www.openstreetmap.org/?lat=52.4567546&lon=4.8191929;;;;;;;;;;;;;;;Assen;Asn
Kz;52;4578263;4;8056834;;Kz;Koog aan de Zaan;Kz https://www.openstreetmap.org/?lat=52.4578263&lon=4.8056834;;;;;;;;;;;;;;;Emmen;Emn
Bnk;52;0632104;5;1957958;;Bnk;Bunnik;Bnk https://www.openstreetmap.org/?lat=52.0632104&lon=5.1957958;;;;;;;;;;;;;;;Emmen Zuid;Emnz
Mrn;52;0640966;5;3706605;;Mrn;Maarn;Mrn https://www.openstreetmap.org/?lat=52.0640966&lon=5.3706605;;;;;;;;;;;;;;;Dalen;Dln
Dmn;52;345214;4;9674386;;Dmn;Diemen;Dmn https://www.openstreetmap.org/?lat=52.345214&lon=4.9674386;;;;;;;;;;;;;;;Gramsbergen;Gbg
Bnn;52;1611568;5;598379;;Bnn;Barneveld Noord;Bnn https://www.openstreetmap.org/?lat=52.1611568&lon=5.598379;;;;;;;;;;;;;;;Beilen;Bl
Ltn;52;0851185;5;6243005;;Ltn;Lunteren;Ltn https://www.openstreetmap.org/?lat=52.0851185&lon=5.6243005;;;;;;;;;;;;;;;Meppel;Mp
Edc;52;0432539;5;6681895;;Edc;Ede Centrum;Edc https://www.openstreetmap.org/?lat=52.0432539&lon=5.6681895;;;;;;;;;;;;;;;Steenwijk;Swk
Rhn;51;9579068;5;5783079;;Rhn;Rhenen;Rhn https://www.openstreetmap.org/?lat=51.9579068&lon=5.5783079;;;;;;;;;;;;;;;Wolvega;Wv
Hglg;52;2616919;6;7679488;;Hglg;Hengelo Gezondheidspark;Hglg https://www.openstreetmap.org/?lat=52.2616919&lon=6.7679488;;;;;;;;;;;;;;;Heerenveen;Hr
Ddn;52;2600838;6;7151462;;Ddn;Delden;Ddn https://www.openstreetmap.org/?lat=52.2600838&lon=6.7151462;;;;;;;;;;;;;;;Akkrum;Akm
Bn;52;2986128;6;7484512;;Bn;Borne;Bn https://www.openstreetmap.org/?lat=52.2986128&lon=6.7484512;;;;;;;;;;;;;;;Grou-Jirnsum;Gw
Amri;52;3420988;6;6666467;;Amri;Almelo de Riet;Amri https://www.openstreetmap.org/?lat=52.3420988&lon=6.6666467;;;;;;;;;;;;;;;Harlingen Haven;Hlgh
Nvd;52;366378;6;4624207;;Nvd;Nijverdal;Nvd https://www.openstreetmap.org/?lat=52.366378&lon=6.4624207;;;;;;;;;;;;;;;Harlingen;Hlg
Hno;52;4269658;6;2220279;;Hno;Heino;Hno https://www.openstreetmap.org/?lat=52.4269658&lon=6.2220279;;;;;;;;;;;;;;;Franeker;Fn
Rat;52;3914177;6;27823;;Rat;Raalte;Rat https://www.openstreetmap.org/?lat=52.3914177&lon=6.27823;;;;;;;;;;;;;;;Dronryp;Drp
Gk;53;2557864;6;3098856;;Gk;Grijpskerk;Gk https://www.openstreetmap.org/?lat=53.2557864&lon=6.3098856;;;;;;;;;;;;;;;Deinum;Dei
Dl;52;4982281;6;2594892;;Dl;Dalfsen;Dl https://www.openstreetmap.org/?lat=52.4982281&lon=6.2594892;;;;;;;;;;;;;;;Daarlerveen;Da
Omn;52;5097013;6;4172206;;Omn;Ommen;Omn https://www.openstreetmap.org/?lat=52.5097013&lon=6.4172206;;;;;;;;;;;;;;;Leeuwarden Camminghaburen;Lwc
Vz;52;4020925;6;6004536;;Vz;Vriezenveen;Vz https://www.openstreetmap.org/?lat=52.4020925&lon=6.6004536;;;;;;;;;;;;;;;Hurdegaryp;Hdg
Asn;52;992265;6;5712455;;Asn;Assen;Asn https://www.openstreetmap.org/?lat=52.992265&lon=6.5712455;;;;;;;;;;;;;;;Feanwâlden;Fwd
Emn;52;7906288;6;8997205;;Emn;Emmen;Emn https://www.openstreetmap.org/?lat=52.7906288&lon=6.8997205;;;;;;;;;;;;;;;De Westereen;Dwe
Emnz;52;7487147;6;8743301;;Emnz;Emmen Zuid;Emnz https://www.openstreetmap.org/?lat=52.7487147&lon=6.8743301;;;;;;;;;;;;;;;Hindeloopen;Hnp
Dln;52;6946895;6;7585202;;Dln;Dalen;Dln https://www.openstreetmap.org/?lat=52.6946895&lon=6.7585202;;;;;;;;;;;;;;;Workum;Wk
Gbg;52;6098651;6;676362;;Gbg;Gramsbergen;Gbg https://www.openstreetmap.org/?lat=52.6098651&lon=6.676362;;;;;;;;;;;;;;;IJlst;IJt
Bl;52;8550649;6;5213108;;Bl;Beilen;Bl https://www.openstreetmap.org/?lat=52.8550649&lon=6.5213108;;;;;;;;;;;;;;;Sneek;Sk
Mp;52;6919049;6;1979382;;Mp;Meppel;Mp https://www.openstreetmap.org/?lat=52.6919049&lon=6.1979382;;;;;;;;;;;;;;;Sneek Noord;Sknd
Swk;52;7911743;6;1164515;;Swk;Steenwijk;Swk https://www.openstreetmap.org/?lat=52.7911743&lon=6.1164515;;;;;;;;;;;;;;;Nieuw Buinen;Nbn
Wv;52;8802422;6;0047673;;Wv;Wolvega;Wv https://www.openstreetmap.org/?lat=52.8802422&lon=6.0047673;;;;;;;;;;;;;;;Goes (SGB);Gs
Hr;52;9606524;5;9154132;;Hr;Heerenveen;Hr https://www.openstreetmap.org/?lat=52.9606524&lon=5.9154132;;;;;;;;;;;;;;;Baarland;Bld
Akm;53;0473583;5;8433715;;Akm;Akkrum;Akm https://www.openstreetmap.org/?lat=53.0473583&lon=5.8433715;;;;;;;;;;;;;;;Nisse;Ni
Gw;53;0898834;5;8222898;;Gw;Grou-Jirnsum;Gw https://www.openstreetmap.org/?lat=53.0898834&lon=5.8222898;;;;;;;;;;;;;;;Leiden Centraal;Ledn
Hlgh;53;1746159;5;4114962;;Hlgh;Harlingen Haven;Hlgh https://www.openstreetmap.org/?lat=53.1746159&lon=5.4114962;;;;;;;;;;;;;;;;
Hlg;53;1703923;5;4252094;;Hlg;Harlingen;Hlg https://www.openstreetmap.org/?lat=53.1703923&lon=5.4252094;;;;;;;;;;;;;;;;
Fn;53;1824012;5;549851;;Fn;Franeker;Fn https://www.openstreetmap.org/?lat=53.1824012&lon=5.549851;;;;;;;;;;;;;;;;
Drp;53;1777182;5;6347677;;Drp;Dronryp;Drp https://www.openstreetmap.org/?lat=53.1777182&lon=5.6347677;;;;;;;;;;;;;;;;
Dei;53;1887582;5;7280592;;Dei;Deinum;Dei https://www.openstreetmap.org/?lat=53.1887582&lon=5.7280592;;;;;;;;;;;;;;;;
Da;52;4411354;6;5760173;;Da;Daarlerveen;Da https://www.openstreetmap.org/?lat=52.4411354&lon=6.5760173;;;;;;;;;;;;;;;;
Lwc;53;2021437;5;8425552;;Lwc;Leeuwarden Camminghaburen;Lwc https://www.openstreetmap.org/?lat=53.2021437&lon=5.8425552;;;;;;;;;;;;;;;;
Hdg;53;2190082;5;9348527;;Hdg;Hurdegaryp;Hdg https://www.openstreetmap.org/?lat=53.2190082&lon=5.9348527;;;;;;;;;;;;;;;;
Fwd;53;2350543;5;9897322;;Fwd;Feanwâlden;Fwd https://www.openstreetmap.org/?lat=53.2350543&lon=5.9897322;;;;;;;;;;;;;;;;
Dwe;53;2482864;6;0354836;;Dwe;De Westereen;Dwe https://www.openstreetmap.org/?lat=53.2482864&lon=6.0354836;;;;;;;;;;;;;;;;
Hnp;52;9464538;5;4231314;;Hnp;Hindeloopen;Hnp https://www.openstreetmap.org/?lat=52.9464538&lon=5.4231314;;;;;;;;;;;;;;;;
Wk;52;9720548;5;4565133;;Wk;Workum;Wk https://www.openstreetmap.org/?lat=52.9720548&lon=5.4565133;;;;;;;;;;;;;;;;
IJt;53;0147424;5;6161316;;IJt;IJlst;IJt https://www.openstreetmap.org/?lat=53.0147424&lon=5.6161316;;;;;;;;;;;;;;;;
Sk;53;0326201;5;6518895;;Sk;Sneek;Sk https://www.openstreetmap.org/?lat=53.0326201&lon=5.6518895;;;;;;;;;;;;;;;;
Sknd;53;0401281;5;66273;;Sknd;Sneek Noord;Sknd https://www.openstreetmap.org/?lat=53.0401281&lon=5.66273;;;;;;;;;;;;;;;;
Nbn;52;9688917;6;9668054;;Nbn;Nieuw Buinen;Nbn https://www.openstreetmap.org/?lat=52.9688917&lon=6.9668054;;;;;;;;;;;;;;;;
Gs;51;4971093;3;8828193;;Gs;Goes (SGB);Gs https://www.openstreetmap.org/?lat=51.4971093&lon=3.8828193;;;;;;;;;;;;;;;;
Bld;51;4150204;3;8826993;;Bld;Baarland;Bld https://www.openstreetmap.org/?lat=51.4150204&lon=3.8826993;;;;;;;;;;;;;;;;
Ni;51;4539408;3;8801356;;Ni;Nisse;Ni https://www.openstreetmap.org/?lat=51.4539408&lon=3.8801356;;;;;;;;;;;;;;;;
Ledn;52;166319;4;482286;;Ledn;Leiden Centraal;Ledn https://www.openstreetmap.org/?lat=52.166319&lon=4.482286;;;;;;;;;;;;;;;;
